<?xml version="1.0" encoding="UTF-8"?>
<overrides>
	
	<widgetPlaylists>True</widgetPlaylists>

	<groupoverride group="mainmenu" condition="true">SetProperty(FocusPos,$INFO[Container(9000).Position],home)</groupoverride>

	<!-- Save any shortcut with a widgetPath property -->
	<saveWithProperty>widgetPath</saveWithProperty>

	<!-- Don't share additional submenu levels -->
	<doNotShareLevels />

	<!-- Settings removal warning-->
	<warn heading="::LOCAL::19098" message="::LOCAL::31018">ActivateWindow(Settings)</warn>

	<!-- Check for settings window shortcut -->
	<checkforshortcut property="HasSettingsLink">ActivateWindow(Settings)</checkforshortcut>

	<!-- Management dialog context menu -->
	<contextmenu>
		<enableon>211</enableon>
		<enableon>606</enableon>
		<item control="303">$ADDON[script.skinshortcuts 32002]</item><!--move up-->
		<item control="304">$ADDON[script.skinshortcuts 32003]</item><!--move down-->
		<item control="307">$ADDON[script.skinshortcuts 32027]</item><!--change action-->
		<item control="305">$ADDON[script.skinshortcuts 32025]</item><!--set label-->
		<item control="313" condition="String.IsEqual(Container(211).ListItem.Property(skinshortcuts-disabled),False)">$LOCALIZE[31019]</item><!-- Disable shortcut -->
        <item control="313" condition="String.IsEqual(Container(211).ListItem.Property(skinshortcuts-disabled),True)">$LOCALIZE[31020]</item><!-- Enable shortcut -->
		<item control="302">$ADDON[script.skinshortcuts 32001]</item><!--delete-->
	</contextmenu>

	<!-- Widget defaults-->
	<widgetdefaultnode defaultID="videos" label="$LOCALIZE[20386]" type="movies" path="videodb://recentlyaddedmovies/" target="video" condition="Library.HasContent(movies)">RecentlyAddedMovies</widgetdefaultnode>
	<propertydefault defaultID="videos" property="widgetLayout">fullscreen</propertydefault>
	<propertydefault defaultID="videos" property="widgetSortMethod">lastused</propertydefault>

	<widgetdefaultnode defaultID="movies" label="$ADDON[script.extendedinfo 32041]" type="tvshows" path="plugin://script.extendedinfo?info=populartvshows" target="video" condition="System.HasAddon(script.extendedinfo)">ExtendedInfoPopularShows</widgetdefaultnode>
	<propertydefault defaultID="movies" property="widgetLayout">wide</propertydefault>
	<propertydefault defaultID="movies" property="widgetSortMethod">lastused</propertydefault>

	<widgetdefaultnode defaultID="tvshows" label="$LOCALIZE[20387]" type="episodes" path="videodb://recentlyaddedepisodes/" target="video" condition="Library.HasContent(tvshows)">RecentlyAddedEpisodes</widgetdefaultnode>
	<propertydefault defaultID="tvshows" property="widgetLayout">landscape</propertydefault>
	<propertydefault defaultID="tvshows" property="widgetArt">thumbnail</propertydefault>
	<propertydefault defaultID="tvshows" property="widgetSortMethod">lastused</propertydefault>

	<widgetdefaultnode defaultID="music" label="$ADDON[script.extendedinfo 32042]" type="movies" path="plugin://script.extendedinfo?info=incinemamovies" target="video" condition="System.HasAddon(script.extendedinfo)">ExtendedInfoCinemas</widgetdefaultnode>
	<propertydefault defaultID="music" property="widgetLayout">portrait</propertydefault>
	<propertydefault defaultID="music" property="widgetSortMethod">lastused</propertydefault>

	<widgetdefaultnode defaultID="pictures" label="$LOCALIZE[359]" type="music" path="musicdb://recentlyaddedalbums/" target="music" condition="Library.HasContent(music)">RecentlyAddedAlbums</widgetdefaultnode>
	<propertydefault defaultID="pictures" property="widgetLayout">square</propertydefault>
	<propertydefault defaultID="pictures" property="widgetSortMethod">lastplayed</propertydefault>


	<!-- Widget layout -->
	<propertySettings property="widgetLayout" buttonID="601" title="$LOCALIZE[31032]" showNone="False"/>
	<propertyfallback property="widgetLayout" label="$LOCALIZE[31035]">wide</propertyfallback>
	<property property="widgetLayout" label="$LOCALIZE[31034]">fullscreen</property>
	<property property="widgetLayout" label="$LOCALIZE[31035]" condition="!String.IsEqual(Container(211).ListItem.Property(widgetType),addons)">wide</property>
	<property property="widgetLayout" label="$LOCALIZE[31036]">landscape</property>
	<property property="widgetLayout" label="$LOCALIZE[31037]" condition="String.IsEqual(Container(211).ListItem.Property(widgetType),movies) | String.IsEqual(Container(211).ListItem.Property(widgetType),tvshows) | String.IsEqual(Container(211).ListItem.Property(widgetType),episodes)">portrait</property>
	<property property="widgetLayout" label="$LOCALIZE[31038]">square</property>

	<!-- Widget art -->
	<propertySettings property="widgetArt" buttonID="602" title="$LOCALIZE[31041]" showNone="False"/>
	<propertyfallback property="widgetArt" label="fanart">fanart</propertyfallback>	
	<property property="widgetArt" label="$LOCALIZE[20445]" condition="!IsEmpty(Container(8000).ListItem.Art(fanart))">fanart</property>
	<property property="widgetArt" label="$LOCALIZE[31202]" condition="String.IsEqual(Container(211).ListItem.Property(widgetType),movies) | String.IsEqual(Container(211).ListItem.Property(widgetType),tvshows) | String.IsEqual(Container(211).ListItem.Property(widgetType),episodes) | String.IsEqual(Container(211).ListItem.Property(widgetType),mixed)">landscape</property>
	<property property="widgetArt" label="$LOCALIZE[21371]" condition="String.IsEqual(Container(211).ListItem.Property(widgetType),episodes) | String.IsEqual(Container(211).ListItem.Property(widgetType),videos) | String.IsEqual(Container(211).ListItem.Property(widgetType),mixed) | String.IsEqual(Container(211).ListItem.Property(widgetType),musicvideos)">thumbnail</property>

	<!-- Widget sorting method -->
	<propertySettings property="widgetSortMethod" buttonID="603" title="$LOCALIZE[39010]" showNone="True" />
    <property property="widgetSortMethod" label="$LOCALIZE[568]">lastplayed</property>
    <property property="widgetSortMethod" label="$LOCALIZE[12012]">lastused</property>
    <property property="widgetSortMethod" label="$LOCALIZE[551]">sorttitle</property>
    <property property="widgetSortMethod" label="$LOCALIZE[563]">rating</property>
    <property property="widgetSortMethod" label="$LOCALIZE[562]">year</property>

	<!-- Widget sorting direction -->
	<propertySettings property="widgetSortDirection" buttonID="604" title="$LOCALIZE[31033]" showNone="True" />
	<property property="widgetSortDirection" label="$LOCALIZE[584]">ascending</property>
	<property property="widgetSortDirection" label="$LOCALIZE[585]">descending</property>

	<propertydefault labelID="widget" property="widgetFallbackArt">Art(thumb)</propertydefault>

	<!-- Shortcut grouping -->
	<groupings>
		<node label="Grid">
			<!-- Hubs -->
			<node label="31383">
				<shortcut label="$LOCALIZE[36912]" type="31004">ActivateWindow(1130)</shortcut>
				<shortcut label="$LOCALIZE[36901]" type="31004">ActivateWindow(1132)</shortcut>
				<shortcut label="$LOCALIZE[36903]" type="31004">ActivateWindow(1131)</shortcut>
			</node>
			<!-- Videos -->
			<node label="3">
				<shortcut label="$LOCALIZE[31719]" type="31004">ActivateWindow(Videos,plugin://service.library.data.provider?type=randommovies,return)</shortcut>
				<shortcut label="$LOCALIZE[3]" type="31004">ActivateWindow(Videos,files)</shortcut>
			</node>
			<!-- Movies -->
			<node label="20342">
				<shortcut label="$LOCALIZE[31712]" type="31004">ActivateWindow(Videos,plugin://script.skin.helper.widgets/?action=recommended&amp;mediatype=movies)</shortcut>
				<shortcut label="$LOCALIZE[31665]" type="31004">ActivateWindow(Videos,videodb://recentlyaddedmovies/,return)</shortcut>
				<shortcut label="$LOCALIZE[16101]" type="31004">ActivateWindow(Videos,special://skin/extras/playlists/movies/unwatched.xsp,return)</shortcut>
			</node>
			<!-- TV Shows -->
			<node label="20343">
				<shortcut label="$LOCALIZE[31712]" type="31004">ActivateWindow(Videos,plugin://script.skin.helper.widgets/?action=next&amp;mediatype=episodes)</shortcut>
				<shortcut label="$LOCALIZE[31665]" type="31004">ActivateWindow(Videos,videodb://recentlyaddedepisodes/,return)</shortcut>
				<shortcut label="$LOCALIZE[16101]" type="31004">ActivateWindow(Videos,special://skin/extras/playlists/episodes/unwatched.xsp,return)</shortcut>
				<shortcut label="$LOCALIZE[575]" type="31004">ActivateWindow(Videos,videodb://inprogresstvshows/,return)</shortcut>			
			</node>
			<!-- Music -->
			<node label="2">		
				<shortcut label="$LOCALIZE[31665]" type="31004">ActivateWindow(MusicLibrary,musicdb://recentlyaddedalbums/,return)</shortcut>
				<shortcut label="$LOCALIZE[31714]" type="31004">ActivateWindow(MusicLibrary,musicdb://recentlyplayedalbums/,return)</shortcut>
				<shortcut label="$LOCALIZE[31715]" type="31004">ActivateWindow(Videos,special://skin/extras/playlists/albums/recommended.xsp,return)</shortcut>
				<shortcut label="$LOCALIZE[31662]" type="31004">ActivateWindow(Videos,special://skin/extras/playlists/albums/random.xsp,return)</shortcut>
				<shortcut label="$LOCALIZE[31663]" type="31004">ActivateWindow(Videos,special://skin/extras/playlists/songs/random.xsp,return)</shortcut>
			</node>
			<!-- TMDb -->
			<node label="themoviedb">
				<shortcut label="$LOCALIZE[1024]" type="TheMovieDB.org">ActivateWindow(Videos,plugin://script.extendedinfo/tmdb,return)</shortcut>
				<shortcut label="$ADDON[script.extendedinfo 32042]" type="TheMovieDB.org">ActivateWindow(Videos,plugin://script.extendedinfo/?info=incinemamovies,return)</shortcut>
				<shortcut label="$ADDON[script.extendedinfo 32043]" type="TheMovieDB.org">ActivateWindow(Videos,plugin://script.extendedinfo/?info=upcomingmovies,return)</shortcut>
				<shortcut label="$ADDON[script.extendedinfo 32044]" type="TheMovieDB.org">ActivateWindow(Videos,plugin://script.extendedinfo/?info=popularmovies,return)</shortcut>
				<shortcut label="$ADDON[script.extendedinfo 32046]" type="TheMovieDB.org">ActivateWindow(Videos,plugin://script.extendedinfo/?info=topratedmovies,return)</shortcut>
				<shortcut label="$ADDON[script.extendedinfo 32041]" type="TheMovieDB.org">ActivateWindow(Videos,plugin://script.extendedinfo/?info=populartvshows,return)</shortcut>
				<shortcut label="$ADDON[script.extendedinfo 32040]" type="TheMovieDB.org">ActivateWindow(Videos,plugin://script.extendedinfo/?info=topratedtvshows,return)</shortcut>
				<shortcut label="$ADDON[script.extendedinfo 32039]" type="TheMovieDB.org">ActivateWindow(Videos,plugin://script.extendedinfo/?info=onairtvshows,return)</shortcut>
				<shortcut label="$ADDON[script.extendedinfo 32038]" type="TheMovieDB.org">ActivateWindow(Videos,plugin://script.extendedinfo/?info=airingtodaytvshows,return)</shortcut>
			</node>
			<!-- Other -->
			<node label="1036">
				<shortcut label="$LOCALIZE[1036]" type="$LOCALIZE[593]">ActivateWindow(Videos,plugin://script.skin.helper.widgets/?action=favourites&amp;mediatype=favourites,return)</shortcut>
				<shortcut label="$LOCALIZE[1036]" type="$LOCALIZE[14211]">ActivateWindow(Videos,plugin://script.skin.helper.widgets/?action=favourites&amp;mediafilter=media&amp;mediatype=favourites,return)</shortcut>
			</node>
			<!-- Other -->
			<node label="31062">
				<shortcut label="$LOCALIZE[24001]" type="31004">ActivateWindow(1110)</shortcut>	
				<shortcut label="$LOCALIZE[13000]" type="31004">ActivateWindow(Settings)</shortcut>
				<shortcut label="$LOCALIZE[31311]" type="31004">RunScript(script.skinshortcuts,type=manage&amp;nolabels=True&amp;group=mainmenu)</shortcut>
				<shortcut label="$LOCALIZE[31310]" type="31004">RunScript(script.skinshortcuts,type=manage&amp;nolabels=True&amp;group=optionsmenu)</shortcut>
			</node>
		</node>

		<!-- Common shortcuts -->
		<node label="32029">
			<content>common</content>
			<shortcut label="$LOCALIZE[24001]" type="31072">ActivateWindow(addonbrowser)</shortcut>
			<shortcut label="$LOCALIZE[31302]" type="31072">ActivateWindow(shutdownmenu)</shortcut>
		</node>

		<!-- Video shortcuts -->
		<node label="32030">
			<node label="$LOCALIZE[32040]">
				<content>playlist-video</content>
			</node>
			<node label="$LOCALIZE[32010]">
				<shortcut label="$LOCALIZE[1037]" type="32014">ActivateWindow(Videos,Addons,return)</shortcut>
				<content>addon-video</content>
			</node>
			<node label="$LOCALIZE[32075]">
				<content>videosources</content>
				<content>upnp-video</content>
			</node>
			<content>video</content>
		</node>
		
		<!-- Music shortcuts -->
		<node label="$LOCALIZE[32031]">
			<content>music</content>
			<node label="$LOCALIZE[32040]">
				<content>playlist-audio</content>
			</node>
			<node label="$LOCALIZE[32011]">
				<shortcut label="$LOCALIZE[1038]" type="32019">ActivateWindow(MusicLibrary,Addons,return)</shortcut>
				<content>addon-audio</content>
			</node>
			<node label="$LOCALIZE[32075]">
				<content>musicsources</content>
				<content>upnp-music</content>
			</node>
		</node>

		<!-- PVR shortcuts -->
		<node label="$LOCALIZE[32017]">
			<content>pvr</content>
			<node label="$LOCALIZE[19023]">
				<content>pvr-tv</content>
			</node>
		</node>
		<node label="$LOCALIZE[32087]">
			<content>radio</content>
			<node label="$LOCALIZE[19024]">
				<content>pvr-radio</content>
			</node>
		</node>

		<!--pictures-->
		<node label="$LOCALIZE[32020]">
			<content>picturesources</content>
		</node>

		<!--add-ons-->
		<node label="$LOCALIZE[32007]">
			<node label="$LOCALIZE[32009]">
				<shortcut label="$LOCALIZE[10001]" type="32021">ActivateWindow(Programs,Addons,return)</shortcut>
				<content>addon-program</content>
			</node>
			<node label="$LOCALIZE[32010]">
				<shortcut label="$LOCALIZE[1037]" type="32014">ActivateWindow(Videos,Addons,return)</shortcut>
				<content>addon-video</content>
			</node>
			<node label="$LOCALIZE[32011]">
				<shortcut label="$LOCALIZE[1038]" type="32019">ActivateWindow(MusicLibrary,Addons,return)</shortcut>
				<content>addon-audio</content>
			</node>
			<node label="$LOCALIZE[32012]">
				<shortcut label="$LOCALIZE[1039]" type="32020">ActivateWindow(Pictures,Addons,return)</shortcut>
				<content>addon-image</content>
			</node>
		</node>

		<!--favourites-->
		<node label="$LOCALIZE[32006]">
			<content>favourite</content>
		</node>

		<!--settings-->
		<node label="$LOCALIZE[5]">
			<content>settings</content>
			<shortcut label="MyOSMC" type="5" condition="System.HasAddon(service.osmc.settings)">RunAddon(service.osmc.settings)</shortcut>
		</node>

		<!--commands-->
		<node label="$LOCALIZE[32054]">
			<content>commands</content>
		</node>
	</groupings>


	<!-- Widget groupings -->
	<widget-groupings>
		<content>widgets</content>

		<!-- Videos -->
		<node label="3">
			<shortcut label="$ADDON[service.library.data.provider 32019]" widget="$ADDON[service.library.data.provider 32019]" type="movies" widgetType="movies" condition="System.HasAddon(service.library.data.provider)">plugin://service.library.data.provider?type=recentmovies+recentepisodes&amp;reload=$INFO[Window.Property(recentmovies)]$INFO[Window.Property(recentepisodes)]</shortcut>
			<shortcut label="$LOCALIZE[1037]" widget="$LOCALIZE[1037]" type="videos" widgetType="addons">addons://sources/video/</shortcut>
		</node>

		<!-- Movies -->
		<node label="342">
			<shortcut label="$LOCALIZE[31712]" widget="$LOCALIZE[31712]" type="movies" widgetType="movies" condition="Library.HasContent(movies)">plugin://script.skin.helper.widgets/?action=recommended&amp;mediatype=movies&amp;reload=$INFO[Window(Home).Property(widgetreload-movies)]</shortcut>
			<shortcut label="$LOCALIZE[31720]" widget="$LOCALIZE[31720]" type="movies" widgetType="movies" condition="Library.HasContent(movies)">special://skin/extras/playlists/movies/unwatched.xsp</shortcut>
			<shortcut label="$LOCALIZE[20386]" widget="$LOCALIZE[31720]" type="movies" widgetType="movies" condition="Library.HasContent(movies) + System.HasAddon(service.library.data.provider)">plugin://service.library.data.provider?type=recentmovies&amp;reload=$INFO[Window.Property(recentmovies)]</shortcut>
		</node>

		<!-- TV Shows -->
		<node label="20343">
			<shortcut label="$LOCALIZE[31712]" widget="$LOCALIZE[31712]" type="episodes" widgetType="episodes" condition="Library.HasContent(tvshows)">plugin://script.skin.helper.widgets/?action=next&amp;mediatype=episodes&amp;reload=$INFO[Window(Home).Property(widgetreload)]</shortcut>
			<shortcut label="$LOCALIZE[31709]" widget="$LOCALIZE[31709]" type="episodes" widgetType="episodes" condition="Library.HasContent(tvshows)">special://skin/extras/playlists/episodes/unwatched.xsp</shortcut>
			<shortcut label="$ADDON[service.library.data.provider 32008]" widget="$ADDON[service.library.data.provider 32008]" type="episodes" widgetType="episodes" condition="Library.HasContent(tvshows) + System.HasAddon(service.library.data.provider)">plugin://service.library.data.provider?type=recentepisodes&amp;reload=$INFO[Window.Property(recentepisodes)]</shortcut>
			<shortcut label="$LOCALIZE[626]" widget="$LOCALIZE[626]" type="tvshows" widgetType="tvshows" condition="Library.HasContent(tvshows)">videodb://inprogresstvshows/</shortcut>
		</node>

		<!-- Music -->
		<node label="2">
			<shortcut label="$ADDON[359]" widget="$ADDON[359]" type="music" widgetType="music" condition="Library.HasContent(music)">plugin://script.skin.helper.widgets/?action=recent&amp;mediatype=albums&amp;reload=$INFO[Window(Home).Property(widgetreload-music)]</shortcut>
			<shortcut label="$LOCALIZE[517]" widget="$LOCALIZE[517]" type="music" widgetType="music" condition="Library.HasContent(music)">plugin://script.skin.helper.widgets/?action=recentplayed&amp;mediatype=albums&amp;reload=$INFO[Window(Home).Property(widgetreload-music)]</shortcut>
			<shortcut label="$ADDON[script.skin.helper.widgets 32012]" widget="$ADDON[script.skin.helper.widgets 32012]" type="music" widgetType="music" condition="Library.HasContent(music)">plugin://script.skin.helper.widgets/?action=recent&amp;mediatype=songs&amp;reload=$INFO[Window(Home).Property(widgetreload-music)]</shortcut>
			<shortcut label="$ADDON[script.skin.helper.widgets 32013]" widget="$ADDON[script.skin.helper.widgets 32013]" type="music" widgetType="music" condition="Library.HasContent(music)">plugin://script.skin.helper.widgets/?action=recentplayed&amp;mediatype=songs&amp;reload=$INFO[Window(Home).Property(widgetreload-music)]</shortcut>
			<shortcut label="$ADDON[script.skin.helper.widgets 32015]" widget="$ADDON[script.skin.helper.widgets 32015]" type="music" widgetType="music" condition="Library.HasContent(music)">plugin://script.skin.helper.widgets/?action=recommended&amp;mediatype=albums&amp;reload=$INFO[Window(Home).Property(widgetreload-music)]</shortcut>
			<shortcut label="$ADDON[script.skin.helper.widgets 32016]" widget="$ADDON[script.skin.helper.widgets 32016]" type="music" widgetType="music" condition="Library.HasContent(music)">plugin://script.skin.helper.widgets/?action=recommended&amp;mediatype=songs&amp;reload=$INFO[Window(Home).Property(widgetreload-music)]</shortcut>
			<shortcut label="$ADDON[script.skin.helper.widgets 32040]" widget="$ADDON[script.skin.helper.widgets 32040]" type="music" widgetType="videos" condition="Library.HasContent(musicvideos)">videodb://recentlyaddedmusicvideos</shortcut>
			<shortcut label="$LOCALIZE[1038]" name="$LOCALIZE[1038]" widget="$LOCALIZE[24001]" type="music" widgetType="addons">addons://sources/audio/</shortcut>
		</node>

		<!-- PVR -->
		<node label="14204">  
			<shortcut label="$LOCALIZE[31611]" widget="$LOCALIZE[31611]" type="pvr" widgetType="addon">pvr://channels/tv/*?view=lastplayed</shortcut>
			<shortcut label="$ADDON[script.skin.helper.widgets 32020]" widget="$ADDON[script.skin.helper.widgets 32020]" type="pvr" widgetType="addons">plugin://script.skin.helper.widgets/?action=channels&amp;mediatype=pvr&amp;reload=$INFO[Window(Home).Property(widgetreload2)]</shortcut>
			<shortcut label="$ADDON[script.skin.helper.widgets 32018]" widget="$ADDON[script.skin.helper.widgets 32018]" type="pvr" widgetType="videos">plugin://script.skin.helper.widgets/?action=recordings&amp;mediatype=pvr&amp;reload=$INFO[Window(Home).Property(widgetreload2)]</shortcut>
		</node>

		<!-- Scripts -->
		<node label="$LOCALIZE[10020]">
			<shortcut label="Skin Helper Service">||BROWSE||script.skin.helper.service/?action=widgets&amp;path=scriptwidgets</shortcut>
			<shortcut label="Extended Info">||BROWSE||script.skin.helper.service/?action=widgets&amp;path=extendedinfo</shortcut>
			<shortcut label="Library Data Provider">||BROWSE||script.skin.helper.service/?action=widgets&amp;path=librarydataprovider</shortcut>
		</node>

		<!-- Default -->
		<node label="31062">
			<node label="32030">
				<content>video</content>
				<node label="32040">
					<content>playlist-video</content>
				</node>
				<node label="32010">
					<content>addon-video</content>
				</node>
				<node label="32075">
					<content>videosources</content>
				</node>
			</node>
			<node label="32031">
				<content>music</content>
				<node label="32040">
					<content>playlist-audio</content>
				</node>
				<node label="32011">
					<content>addon-audio</content>
				</node>
				<node label="32075">
					<content>musicsources</content>
				</node>
			</node>
			<node label="32020">
				<content>picturesources</content>
			</node>
			<node label="32007">
				<node label="32010">
					<content>addon-video</content>
				</node>
				<node label="32011">
					<content>addon-audio</content>
				</node>
				<node label="32012">
					<content>addon-image</content>
				</node>
				<node label="32009">
					<content>addon-program-plugin</content>
				</node>
				<shortcut label="10001" type="32021" widget="32020" widgetType="program" widgetTarget="programs">addons://sources/executable</shortcut>
				<shortcut label="1037" type="32014" widget="32020" widgetType="video" widgetTarget="video">addons://sources/video</shortcut>
				<shortcut label="1038" type="32019" widget="32020" widgetType="music" widgetTarget="music">addons://sources/audio</shortcut>
				<shortcut label="1039" type="32020" widget="32020" widgetType="picture" widgetTarget="pictures">addons://sources/image</shortcut>
			</node>
		</node>
	</widget-groupings>


<!--home menu properties-->
	<propertyfallback property="homeSymbol">&#57424;</propertyfallback>
	<propertydefault defaultID="Settings" property="homeSymbol">&#59014;</propertydefault>
	<propertydefault defaultID="13000" property="homeSymbol">&#59014;</propertydefault>
	<propertydefault defaultID="24001" property="homeSymbol">&#57389;</propertydefault>
	<propertydefault defaultID="744" property="homeSymbol">&#57477;</propertydefault>
	<propertydefault defaultID="1037" property="homeSymbol">&#57389;</propertydefault>
	<propertydefault defaultID="31665" property="homeSymbol">&#59179;</propertydefault>
	<propertydefault defaultID="31712" property="homeSymbol">&#59055;</propertydefault>
	<propertydefault defaultID="musicvideos" property="homeSymbol">&#57352;</propertydefault>
	<propertydefault defaultID="movies" property="homeSymbol">&#57402;</propertydefault>
	<propertydefault defaultID="36901" property="homeSymbol">&#57402;</propertydefault>


	<propertydefault defaultID="3" property="homeSymbol">&#57352;</propertydefault>


	<propertydefault defaultID="videos" property="homeSymbol">&#57352;</propertydefault>
	<propertydefault defaultID="36912" property="homeSymbol">&#57352;</propertydefault>
	<propertydefault defaultID="tvshows" property="homeSymbol">&#57361;</propertydefault>
	<propertydefault defaultID="36903" property="homeSymbol">&#57361;</propertydefault>
	<propertydefault defaultID="livetv" property="homeSymbol">&#58944;</propertydefault>
	<propertydefault defaultID="radio" property="homeSymbol">&#57443;</propertydefault>
	<propertydefault defaultID="music" property="homeSymbol">&#57441;</propertydefault>
	<propertydefault defaultID="games" property="homeSymbol">&#57370;</propertydefault>
	<propertydefault defaultID="pictures" property="homeSymbol">&#57394;</propertydefault>
	<propertydefault defaultID="weather" property="homeSymbol">&#59000;</propertydefault>
	<propertydefault defaultID="programs" property="homeSymbol">&#57498;</propertydefault>
	<propertydefault defaultID="dvd" property="homeSymbol">&#57378;</propertydefault>
	<propertydefault defaultID="32033" property="homeSymbol">&#57378;</propertydefault>
	<propertydefault defaultID="settings" property="homeSymbol">&#59014;</propertydefault>
	<propertydefault defaultID="7" property="homeSymbol">&#58937;</propertydefault>
	<propertydefault defaultID="13200" property="homeSymbol">&#57348;</propertydefault>
	<propertydefault defaultID="10003" property="homeSymbol">&#59159;</propertydefault>
	<propertydefault defaultID="32046" property="homeSymbol">&#57496;</propertydefault>
	<propertydefault defaultID="32047" property="homeSymbol">&#57496;</propertydefault>
	<propertydefault defaultID="136" property="homeSymbol">&#57392;</propertydefault>
	<propertydefault defaultID="20386" property="homeSymbol">&#57402;</propertydefault>
	<propertydefault defaultID="20451" property="homeSymbol">&#57480;</propertydefault>
	<propertydefault defaultID="20348" property="homeSymbol">&#59086;</propertydefault>
	<propertydefault defaultID="135" property="homeSymbol">&#57407;</propertydefault>
	<propertydefault defaultID="20434" property="homeSymbol">&#57450;</propertydefault>
	<propertydefault defaultID="20348" property="homeSymbol">&#20388;</propertydefault>
	<propertydefault defaultID="20434" property="homeSymbol">&#59086;</propertydefault>
	<propertydefault defaultID="20388" property="homeSymbol">&#59087;</propertydefault>
	<propertydefault defaultID="20459" property="homeSymbol">&#57429;</propertydefault>
	<propertydefault defaultID="369" property="homeSymbol">&#57352;</propertydefault>
	<propertydefault defaultID="562" property="homeSymbol">&#57461;</propertydefault>
	<propertydefault defaultID="20387" property="homeSymbol">&#57352;</propertydefault>
	<propertydefault defaultID="19023" property="homeSymbol">&#58944;</propertydefault>
	<propertydefault defaultID="19024" property="homeSymbol">&#57443;</propertydefault>
	<propertydefault defaultID="19069" property="homeSymbol">&#58944;</propertydefault>
	<propertydefault defaultID="19163" property="homeSymbol">&#59172;</propertydefault>
	<propertydefault defaultID="32023" property="homeSymbol">&#58990;</propertydefault>
	<propertydefault defaultID="20390" property="homeSymbol">&#57352;</propertydefault>
	<propertydefault defaultID="626" property="homeSymbol">&#59055;</propertydefault>
	<propertydefault defaultID="20389" property="homeSymbol">&#57352;</propertydefault>
	<propertydefault defaultID="133" property="homeSymbol">&#58944;</propertydefault>
	<propertydefault defaultID="19024" property="homeSymbol">&#57443;</propertydefault>
	<propertydefault defaultID="15100" property="homeSymbol">&#57401;</propertydefault>
	<propertydefault defaultID="132" property="homeSymbol">&#57378;</propertydefault>
	<propertydefault defaultID="134" property="homeSymbol">&#57441;</propertydefault>
	<propertydefault defaultID="652" property="homeSymbol">&#57461;</propertydefault>
	<propertydefault defaultID="271" property="homeSymbol">&#57392;</propertydefault>
	<propertydefault defaultID="10504" property="homeSymbol">&#57392;</propertydefault>
	<propertydefault defaultID="10505" property="homeSymbol">&#57392;</propertydefault>
	<propertydefault defaultID="359" property="homeSymbol">&#57392;</propertydefault>
	<propertydefault defaultID="517" property="homeSymbol">&#57392;</propertydefault>
	<propertydefault defaultID="1037" property="homeSymbol">&#57389;</propertydefault>
	<propertydefault defaultID="1038" property="homeSymbol">&#57389;</propertydefault>
	<propertydefault defaultID="1039" property="homeSymbol">&#57389;</propertydefault>
	<propertydefault defaultID="32023" property="homeSymbol">&#57389;</propertydefault>

<!--user selectable symbols-->
	<propertySettings property="homeSymbol" buttonID="8997" title="$LOCALIZE[31323]" showNone="False"/>
	<propertyfallback property="homeSymbol">&#57425;</propertyfallback>
	<property property="homeSymbol">&#57344;</property>
	<property property="homeSymbol">&#57345;</property>
	<property property="homeSymbol">&#57349;</property>
	<property property="homeSymbol">&#57352;</property>
	<property property="homeSymbol">&#57356;</property>
	<property property="homeSymbol">&#57357;</property>
	<property property="homeSymbol">&#57359;</property>
	<property property="homeSymbol">&#57360;</property>
	<property property="homeSymbol">&#57361;</property>
	<property property="homeSymbol">&#57362;</property>
	<property property="homeSymbol">&#57363;</property>
	<property property="homeSymbol">&#57366;</property>
	<property property="homeSymbol">&#57369;</property>
	<property property="homeSymbol">&#57370;</property>
	<property property="homeSymbol">&#57371;</property>
	<property property="homeSymbol">&#57373;</property>
	<property property="homeSymbol">&#57374;</property>
	<property property="homeSymbol">&#57376;</property>
	<property property="homeSymbol">&#57377;</property>
	<property property="homeSymbol">&#57378;</property>
	<property property="homeSymbol">&#57382;</property>
	<property property="homeSymbol">&#57383;</property>
	<property property="homeSymbol">&#57384;</property>
	<property property="homeSymbol">&#57386;</property>
	<property property="homeSymbol">&#57388;</property>
	<property property="homeSymbol">&#57389;</property>
	<property property="homeSymbol">&#57392;</property>
	<property property="homeSymbol">&#57393;</property>
	<property property="homeSymbol">&#57394;</property>
	<property property="homeSymbol">&#57395;</property>
	<property property="homeSymbol">&#57396;</property>
	<property property="homeSymbol">&#57397;</property>
	<property property="homeSymbol">&#57399;</property>
	<property property="homeSymbol">&#57401;</property>
	<property property="homeSymbol">&#57402;</property>
	<property property="homeSymbol">&#57403;</property>
	<property property="homeSymbol">&#57404;</property>
	<property property="homeSymbol">&#57406;</property>
	<property property="homeSymbol">&#57407;</property>
	<property property="homeSymbol">&#57408;</property>
	<property property="homeSymbol">&#57410;</property>
	<property property="homeSymbol">&#57411;</property>
	<property property="homeSymbol">&#57412;</property>
	<property property="homeSymbol">&#57413;</property>
	<property property="homeSymbol">&#57418;</property>
	<property property="homeSymbol">&#57419;</property>
	<property property="homeSymbol">&#57420;</property>
	<property property="homeSymbol">&#57424;</property>
	<property property="homeSymbol">&#57425;</property>
	<property property="homeSymbol">&#57426;</property>
	<property property="homeSymbol">&#57427;</property>
	<property property="homeSymbol">&#57429;</property>
	<property property="homeSymbol">&#57434;</property>
	<property property="homeSymbol">&#57435;</property>
	<property property="homeSymbol">&#57436;</property>
	<property property="homeSymbol">&#57437;</property>
	<property property="homeSymbol">&#57441;</property>
	<property property="homeSymbol">&#57443;</property>
	<property property="homeSymbol">&#57447;</property>
	<property property="homeSymbol">&#57449;</property>
	<property property="homeSymbol">&#57492;</property>
	<property property="homeSymbol">&#57450;</property>
	<property property="homeSymbol">&#57461;</property>
	<property property="homeSymbol">&#57463;</property>
	<property property="homeSymbol">&#57470;</property>
	<property property="homeSymbol">&#57471;</property>
	<property property="homeSymbol">&#57473;</property>
	<property property="homeSymbol">&#57475;</property>
	<property property="homeSymbol">&#57476;</property>
	<property property="homeSymbol">&#57477;</property>
	<property property="homeSymbol">&#57479;</property>
	<property property="homeSymbol">&#57480;</property>
	<property property="homeSymbol">&#57482;</property>
	<property property="homeSymbol">&#57483;</property>
	<property property="homeSymbol">&#57489;</property>
	<property property="homeSymbol">&#57499;</property>
	<property property="homeSymbol">&#58898;</property>
	<property property="homeSymbol">&#58899;</property>
	<property property="homeSymbol">&#58931;</property>
	<property property="homeSymbol">&#58944;</property>
	<property property="homeSymbol">&#59000;</property>
	<property property="homeSymbol">&#59010;</property>
	<property property="homeSymbol">&#59014;</property>
	<property property="homeSymbol">&#59038;</property>
	<property property="homeSymbol">&#59039;</property>
	<property property="homeSymbol">&#59053;</property>
	<property property="homeSymbol">&#59086;</property>
	<property property="homeSymbol">&#59087;</property>
	<property property="homeSymbol">&#59176;</property>
	<property property="homeSymbol">&#59177;</property>
	<property property="homeSymbol">&#59187;</property>
	<property property="homeSymbol">&#59204;</property>
	<property property="homeSymbol">&#59205;</property>
	<property property="homeSymbol">&#59206;</property>
	<property property="homeSymbol">&#59207;</property>
	<property property="homeSymbol">&#59208;</property>
	<property property="homeSymbol">&#59209;</property>
	<property property="homeSymbol">&#59210;</property>
	<property property="homeSymbol">&#59211;</property>
	<property property="homeSymbol">&#59212;</property>
	<property property="homeSymbol">&#59217;</property>
	<property property="homeSymbol">&#59221;</property>
	<property property="homeSymbol">&#59222;</property>
	<property property="homeSymbol">&#59223;</property>
	<property property="homeSymbol">&#59224;</property>
	<property property="homeSymbol">&#59225;</property>
	<property property="homeSymbol">&#59226;</property>
	<property property="homeSymbol">&#59227;</property>
	<property property="homeSymbol">&#59228;</property>
	<property property="homeSymbol">&#59229;</property>
	<property property="homeSymbol">&#59230;</property>
	<property property="homeSymbol">&#59231;</property>
</overrides>