<?xml version="1.0" encoding="UTF-8"?>
<window id="1133">
	<defaultcontrol always="true">5000</defaultcontrol>
	<menucontrol>7000</menucontrol>

	<controls>

	<!-- Menu trigger -->
		<control type="button" id="5500">
			<onfocus condition="Library.HasMusic">Control.SetFocus(5000)</onfocus>
			<onfocus condition="!Library.HasMusic">Control.SetFocus(5501)</onfocus>
			<visible allowhiddenfocus="true">false</visible>
		</control>

	<!-- Background -->
		<include content="background_Global">
			<param name="GridTexture">overlays/558.png</param>
			<param name="BackgroundPath">$VAR[background:Hub]</param>
		</include>

		<control type="group">
			<include>toggle_Menu</include>

			<!-- Window chrome -->		
			<control type="group">
				<include>transition_Chrome</include>
				<include content="global_WindowChrome">
					<param name="Title">$VAR[window:Title.Media]</param>
					<param name="ShowItemCount">true</param>
				</include>
			</control>

			<!-- Content -->
			<control type="grouplist" id="5000">
				<top>108</top>
				<left>128</left>
				<onup>noop</onup>
				<ondown>noop</ondown>
				<include>global_ListScroll</include>
				<include>transition_Content</include>

				<!-- Source 1 -->
				<control type="label" id="5009">
					<label>$INFO[Skin.String(hub.music.1.Label)]</label>
					<height>90</height>
					<include>global_Header</include>
					<visible>Integer.IsGreaterOrEqual(Container(5010).NumItems,1)</visible>
				</control>
				<include content="view_Thumbnails">
					<param name="Art">$INFO[ListItem.Art(thumb)]</param>
					<param name="ArtHeight">468</param>
					<param name="ArtWidth">832</param>
					<param name="Font1">Black-24</param>
					<param name="Font2">Regular-20</param>
					<param name="Height">468</param>
					<param name="ID">5010</param>
					<param name="ItemHeight">468</param>
					<param name="ItemWidth">832</param>
					<param name="Label">$INFO[ListItem.Label]</param>
					<param name="Label2">$INFO[ListItem.Artist]</param>
					<param name="SortBy2">dateadded</param>
					<param name="Orientation">horizontal</param>
					<param name="Path2">$VAR[hub:Music.1]</param>
					<param name="TextLeft">32</param>
					<param name="TextPosY">64</param>
					<param name="TextWidth">800</param>
					<param name="UseCustomPath">true</param>
					<param name="Visible">[Integer.IsGreater(Container(5010).NumItems,0) | Container(5010).IsUpdating] + !String.IsEqual(Skin.String(hub.music.1),none)</param>
					<param name="Width">1792</param>
				</include>

				<!-- Source 2 -->
				<control type="label" id="5019">
					<label>$INFO[Skin.String(hub.music.2.Label)]</label>
					<height>90</height>
					<include>global_Header</include>
					<visible>Integer.IsGreaterOrEqual(Container(5020).NumItems,1)</visible>
				</control>
				<include content="view_Thumbnails">
					<param name="Art">$INFO[ListItem.Art(thumb)]</param>
					<param name="ArtHeight">468</param>
					<param name="ArtWidth">468</param>
					<param name="Font1">Black-24</param>
					<param name="Font2">Regular-20</param>
					<param name="Height">468</param>
					<param name="ID">5020</param>
					<param name="ItemHeight">468</param>
					<param name="ItemWidth">468</param>
					<param name="Label">$INFO[ListItem.Label]</param>
					<param name="Label2">$INFO[ListItem.Artist]</param>
					<param name="SortBy2">dateadded</param>
					<param name="Orientation">horizontal</param>
					<param name="Path2">$VAR[hub:Music.2]</param>
					<param name="TextLeft">32</param>
					<param name="TextPosY">64</param>
					<param name="TextWidth">800</param>
					<param name="UseCustomPath">true</param>
					<param name="Visible">[Integer.IsGreater(Container(5020).NumItems,0) | Container(5020).IsUpdating] + !String.IsEqual(Skin.String(hub.music.2),none)</param>
					<param name="Width">1792</param>
				</include>

				<!-- Source 3 -->
				<control type="label" id="5029">
					<label>$INFO[Skin.String(hub.music.3.Label)]</label>
					<height>90</height>
					<include>global_Header</include>
					<visible>Integer.IsGreaterOrEqual(Container(5030).NumItems,1)</visible>
				</control>
				<include content="view_Thumbnails">
					<param name="Art">$INFO[ListItem.Art(thumb)]</param>
					<param name="ArtHeight">468</param>
					<param name="ArtWidth">468</param>
					<param name="Font1">Black-24</param>
					<param name="Font2">Regular-20</param>
					<param name="Height">468</param>
					<param name="ID">5030</param>
					<param name="ItemHeight">468</param>
					<param name="ItemWidth">468</param>
					<param name="Label">$INFO[ListItem.Label]</param>
					<param name="Label2">$INFO[ListItem.Artist]</param>
					<param name="SortBy2">dateadded</param>
					<param name="Orientation">horizontal</param>
					<param name="Path2">$VAR[hub:Music.3]</param>
					<param name="TextLeft">32</param>
					<param name="TextPosY">64</param>
					<param name="TextWidth">800</param>
					<param name="UseCustomPath">true</param>
					<param name="Visible">[Integer.IsGreater(Container(5030).NumItems,0) | Container(5030).IsUpdating] + !String.IsEqual(Skin.String(hub.music.3),none)</param>
					<param name="Width">1792</param>
				</include>

				<!-- Source 4 -->
				<control type="label" id="5039">
					<label>$INFO[Skin.String(hub.music.4.Label)]</label>
					<height>90</height>
					<include>global_Header</include>
					<visible>Integer.IsGreaterOrEqual(Container(5040).NumItems,1)</visible>
				</control>
				<include content="view_Thumbnails">
					<param name="Art">$INFO[ListItem.Art(thumb)]</param>
					<param name="ArtHeight">468</param>
					<param name="ArtWidth">468</param>
					<param name="Font1">Black-24</param>
					<param name="Font2">Regular-20</param>
					<param name="Height">468</param>
					<param name="ID">5040</param>
					<param name="ItemHeight">468</param>
					<param name="ItemWidth">468</param>
					<param name="Label">$INFO[ListItem.Label]</param>
					<param name="Label2">$INFO[ListItem.Artist]</param>
					<param name="SortBy2">dateadded</param>
					<param name="Orientation">horizontal</param>
					<param name="Path2">$VAR[hub:Music.4]</param>
					<param name="TextLeft">32</param>
					<param name="TextPosY">64</param>
					<param name="TextWidth">800</param>
					<param name="UseCustomPath">true</param>
					<param name="Visible">[Integer.IsGreater(Container(5040).NumItems,0) | Container(5040).IsUpdating] + !String.IsEqual(Skin.String(hub.music.4),none)</param>
					<param name="Width">1792</param>
				</include>

				<!-- Source 5 -->
				<control type="label" id="5049">
					<label>$INFO[Skin.String(hub.music.5.Label)]</label>
					<height>90</height>
					<include>global_Header</include>
					<visible>Integer.IsGreaterOrEqual(Container(5050).NumItems,1)</visible>
				</control>
				<include content="view_Thumbnails">
					<param name="Art">$INFO[ListItem.Art(thumb)]</param>
					<param name="ArtHeight">468</param>
					<param name="ArtWidth">468</param>
					<param name="Font1">Black-24</param>
					<param name="Font2">Regular-20</param>
					<param name="Height">468</param>
					<param name="ID">5050</param>
					<param name="ItemHeight">468</param>
					<param name="ItemWidth">468</param>
					<param name="Label">$INFO[ListItem.Label]</param>
					<param name="Label2">$INFO[ListItem.Artist]</param>
					<param name="SortBy2">dateadded</param>
					<param name="Orientation">horizontal</param>
					<param name="Path2">$VAR[hub:Music.5]</param>
					<param name="TextLeft">32</param>
					<param name="TextPosY">64</param>
					<param name="TextWidth">800</param>
					<param name="UseCustomPath">true</param>
					<param name="Visible">[Integer.IsGreater(Container(5050).NumItems,0) | Container(5050).IsUpdating] + !String.IsEqual(Skin.String(hub.music.5),none)</param>
					<param name="Width">1792</param>
				</include>

				<!-- Source 6 -->
				<control type="label" id="5059">
					<label>$INFO[Skin.String(hub.music.6.Label)]</label>
					<height>90</height>
					<include>global_Header</include>
					<visible>Integer.IsGreaterOrEqual(Container(5060).NumItems,1)</visible>
				</control>
				<include content="view_Thumbnails">
					<param name="Art">$INFO[ListItem.Art(thumb)]</param>
					<param name="ArtHeight">468</param>
					<param name="ArtWidth">468</param>
					<param name="Font1">Black-24</param>
					<param name="Font2">Regular-20</param>
					<param name="Height">468</param>
					<param name="ID">5060</param>
					<param name="ItemHeight">468</param>
					<param name="ItemWidth">468</param>
					<param name="Label">$INFO[ListItem.Label]</param>
					<param name="Label2">$INFO[ListItem.Artist]</param>
					<param name="SortBy2">dateadded</param>
					<param name="Orientation">horizontal</param>
					<param name="Path2">$VAR[hub:Music.6]</param>
					<param name="TextLeft">32</param>
					<param name="TextPosY">64</param>
					<param name="TextWidth">800</param>
					<param name="UseCustomPath">true</param>
					<param name="Visible">[Integer.IsGreater(Container(5060).NumItems,0) | Container(5060).IsUpdating] + !String.IsEqual(Skin.String(hub.music.6),none)</param>
					<param name="Width">1792</param>
				</include>

				<!-- Source 7 -->
				<control type="label" id="5069">
					<label>$INFO[Skin.String(hub.music.7.Label)]</label>
					<height>90</height>
					<include>global_Header</include>
					<visible>Integer.IsGreaterOrEqual(Container(5070).NumItems,1)</visible>
				</control>
				<include content="view_Thumbnails">
					<param name="Art">$INFO[ListItem.Art(thumb)]</param>
					<param name="ArtHeight">468</param>
					<param name="ArtWidth">468</param>
					<param name="Font1">Black-24</param>
					<param name="Font2">Regular-20</param>
					<param name="Height">468</param>
					<param name="ID">5070</param>
					<param name="ItemHeight">468</param>
					<param name="ItemWidth">468</param>
					<param name="Label">$INFO[ListItem.Label]</param>
					<param name="Label2">$INFO[ListItem.Artist]</param>
					<param name="SortBy2">dateadded</param>
					<param name="Orientation">horizontal</param>
					<param name="Path2">$VAR[hub:Music.7]</param>
					<param name="TextLeft">32</param>
					<param name="TextPosY">64</param>
					<param name="TextWidth">800</param>
					<param name="UseCustomPath">true</param>
					<param name="Visible">[Integer.IsGreater(Container(5070).NumItems,0) | Container(5070).IsUpdating] + !String.IsEqual(Skin.String(hub.music.7),none)</param>
					<param name="Width">1792</param>
				</include>

				<!-- Sources -->
				<control type="label" id="5098">
					<label>$LOCALIZE[31088]</label>
					<height>90</height>
					<include>global_Header</include>
					<visible>Skin.HasSetting(hub.defaultnodes) | !Library.HasContent(Music)</visible>
				</control>
				<include condition="Library.HasContent(Music)" content="view_Labels">
					<param name="ID">5099</param>
					<param name="Path2">sources://music/</param>
					<param name="UseCustomPath">true</param>
					<param name="Visible">Skin.HasSetting(hub.defaultnodes)</param>
				</include>
				<control type="button" id="5501">
					<width>216</width>
					<onleft>7000</onleft>
					<label>$LOCALIZE[998]</label>
					<onclick>ActivateWindow(Music,Files)</onclick>
					<visible>!Library.HasContent(Music)</visible>
				</control>
			</control>
		</control>

		<!--menu-->
		<include>menu_Options</include>

	</controls>
</window>