<includes>

	<include name="menu_Label">
		<width>336</width>
		<height>54</height>
		<font>Regular-20</font>
		<aligny>top</aligny>
	</include>

	<include name="menu_PlayerControl">
		<width>93</width>
		<height>93</height>
		<font>Symbols-28</font>
		<align>center</align>
		<aligny>center</aligny>
		<textcolor>$VAR[color:Main]</textcolor>
		<focusedcolor>$VAR[color:Accent]</focusedcolor>
		<texturenofocus></texturenofocus>
		<texturefocus colordiffuse="$VAR[color:Main]">colorize/100.png</texturefocus>
		<alttexturenofocus></alttexturenofocus>
		<alttexturefocus colordiffuse="$VAR[color:Main]">colorize/100.png</alttexturefocus>
	</include>

	<include name="menu_Button">
		<param name="Width" default="384"/>
		<param name="Height" default="54"/>
		<param name="Font" default="Black-24"/>
		<param name="Align" default="left"/>
		<param name="AlignY" default="center"/>
		<param name="TextColor" default="$VAR[color:Main]"/>
		<param name="FocusedColor" default="$VAR[color:Accent]"/>
		<param name="Label" default="$INFO[ListItem.Label]"/>
		<definition>
			<top>$PARAM[Top]</top>
			<width>$PARAM[Width]</width>
			<height>$PARAM[Height]</height>
			<font>$PARAM[Font]</font>
			<label>$PARAM[Label]</label>
			<align>$PARAM[Align]</align>
			<aligny>$PARAM[AlignY]</aligny>
			<onback>ClearProperty(MenuOpen,Home)</onback>
			<onclick>SetProperty(MenuOpen,false,Home)</onclick>
			<onright>50</onright>
			<textcolor>$PARAM[TextColor]</textcolor>
			<focusedcolor>$PARAM[FocusedColor]</focusedcolor>
			<texturenofocus></texturenofocus>
			<texturefocus></texturefocus>
			<alttexturenofocus></alttexturenofocus>
			<alttexturefocus></alttexturefocus>
			<textureradioonnofocus></textureradioonnofocus>
			<textureradiooffnofocus></textureradiooffnofocus>
			<textureradioonfocus></textureradioonfocus>
			<textureradioofffocus></textureradioofffocus>
			<textureradioondisabled></textureradioondisabled>
			<textureradiooffdisabled></textureradiooffdisabled>
			<onback condition="ControlGroup(7000).HasFocus()">50</onback>
		</definition>
	</include>

	<include name="menu_Shortcuts">
		<control type="list" id="7100">
			<top>0</top>
			<onback>5597</onback>
			<onup>7100</onup>
			<ondown>7100</ondown>
			<onleft>noop</onleft>
			<onright>7000</onright>
			<include>fadeinout</include>
			<visible allowhiddenfocus="true">Control.HasFocus(5001) | Control.HasFocus(7100)</visible>
			<orientation>vertical</orientation>
			<itemlayout width="384" height="108">
				<control type="label">
					<left>24</left>
					<width>336</width>
					<height>108</height>
					<label>$INFO[ListItem.Label]</label>
					<font>Black-22</font>
					<textcolor>$VAR[color:Main]</textcolor>
					<aligny>center</aligny>
				</control>
			</itemlayout>
			<focusedlayout width="384" height="108">
				<control type="image">
					<width>384</width>
					<height>108</height>
					<texture colordiffuse="$VAR[color:Main]">colorize/100.png</texture>
				</control>
				<control type="label">
					<left>24</left>
					<width>336</width>
					<height>108</height>
					<label>$INFO[ListItem.Label]</label>
					<font>Black-22</font>
					<textcolor>$VAR[color:Accent]</textcolor>
					<aligny>center</aligny>
				</control>						
			</focusedlayout>
			<content>
				 <include>skinshortcuts-group-optionsmenu</include>
			</content>
		</control>
	</include>

	<include name="menu_Views">
		<param name="OnUp" default="300"/>
		<param name="OnDown" default="7003"/>
		<param name="Visible" default="true"/>
		<definition>
			<!--change viewtype-->
			<control type="group" id="7001">
				<height>108</height>
				<visible>$PARAM[Visible]</visible>
				<control type="image">
					<width>384</width>
					<height>108</height>
					<texture colordiffuse="$VAR[color:Main]">colorize/100.png</texture>
					<visible>Control.HasFocus(7002)</visible>
				</control>
				<control type="button" id="7002">
					<top>12</top>
					<label>$LOCALIZE[31220]</label>
					<onup>$PARAM[OnUp]</onup>
					<ondown>$PARAM[OnDown]</ondown>
					<onleft>7100</onleft>
					<onright>50</onright>
					<include>menu_Button</include>
					<onclick>Container.NextViewMode</onclick>
				</control>
				<control type="group">
					<top>54</top>
					<left>32</left>
					<control type="label">
						<textcolor>$VAR[color:Main]</textcolor>
						<label>$INFO[Container.ViewMode]</label>
						<include>menu_Label</include>
						<visible>!Control.HasFocus(7002)</visible>
					</control>
					<control type="label">
						<width>384</width>
						<label>$INFO[Container.ViewMode]</label>
						<include>menu_Label</include>
						<visible>Control.HasFocus(7002)</visible>
					</control>
				</control>
			</control>
		</definition>
	</include>

	<include name="menu_Commons">
		<!--sort method-->
		<control type="group" id="7003">
			<height>108</height>
			<control type="image">
				<width>384</width>
				<height>108</height>
				<texture colordiffuse="$VAR[color:Main]">colorize/100.png</texture>
				<visible>Control.HasFocus(33)</visible>
			</control>
			<control type="button" id="33">
				<top>12</top>
				<label>$LOCALIZE[581]</label>
				<onup condition="Window.IsActive(eventlog)">7015</onup>
				<onup condition="!Window.IsActive(eventlog)">7002</onup>
				<ondown>7004</ondown>
				<onleft>7100</onleft>
				<onright>50</onright>
				<include>menu_Button</include>
				<onclick>Container.NextSortMethod</onclick>
			</control>
			<control type="group">
				<top>54</top>
				<left>32</left>
				<control type="label">
					<textcolor>$VAR[color:Main]</textcolor>
					<label>$INFO[Container.SortMethod]</label>
					<include>menu_Label</include>
					<visible>!Control.HasFocus(33)</visible>
				</control>
				<control type="label">
					<width>384</width>
					<label>$INFO[Container.SortMethod]</label>
					<include>menu_Label</include>
					<visible>Control.HasFocus(33)</visible>
				</control>
			</control>
		</control>
		<!--sort direction-->
		<control type="group" id="7004">
			<height>108</height>
			<control type="image">
				<width>384</width>
				<height>108</height>
				<texture colordiffuse="$VAR[color:Main]">colorize/100.png</texture>
				<visible>Control.HasFocus(44)</visible>
			</control>
			<control type="button" id="44">
				<top>12</top>
				<label>$LOCALIZE[580]</label>
				<onup>7003</onup>
				<ondown>7010</ondown>
				<onleft>7100</onleft>
				<onright>50</onright>
				<include>menu_Button</include>
				<onclick>Container.SetSortDirection</onclick>
			</control>
			<control type="group">
				<top>54</top>
				<left>32</left>
				<control type="label">
					<textcolor>$VAR[color:Main]</textcolor>
					<label>$INFO[Container.SortOrder]</label>
					<include>menu_Label</include>
					<visible>!Control.HasFocus(44)</visible>
				</control>
				<control type="label">
					<width>384</width>
					<label>$INFO[Container.SortOrder]</label>
					<include>menu_Label</include>
					<visible>Control.HasFocus(44)</visible>
				</control>
			</control>
		</control>
	</include>
 
	<include name="menu_Extras">
		<param name="OnRight" default="50"/>
		<definition>
			<!--update library-->
			<control type="group" id="7090">
				<height>108</height>
				<visible>$EXP[Content.IsVideo] | $EXP[Content.IsAudio]</visible>
				<control type="image">
					<width>384</width>
					<height>108</height>
					<texture colordiffuse="$VAR[color:Main]">colorize/100.png</texture>
					<visible>Control.HasFocus(200)</visible>
				</control>
				<control type="togglebutton" id="200">
					<top>12</top>
					<label>$VAR[menu:Update]</label>
					<onclick>Right</onclick>
					<onclick condition="$EXP[Content.IsVideo]">UpdateLibrary(video)</onclick>
					<onclick condition="$EXP[Content.IsAudio]">UpdateLibrary(music)</onclick>
					<onup>7014</onup>
					<ondown>7091</ondown>
					<onleft>7100</onleft>
					<onright>$PARAM[OnRight]</onright>
					<include>menu_Button</include>
				</control>
				<control type="group">
					<top>54</top>
					<left>32</left>
					<control type="label">
						<textcolor>$VAR[color:Main]</textcolor>
						<label>$VAR[menu:UpdateLabel2]</label>
						<include>menu_Label</include>
						<visible>!Control.HasFocus(200)</visible>
					</control>
					<control type="label">
						<width>384</width>
						<label>$VAR[menu:UpdateLabel2]</label>
						<include>menu_Label</include>
						<visible>Control.HasFocus(200)</visible>
					</control>
				</control>
			</control>
			<!--get more-->
			<control type="group" id="7091">
				<height>108</height>
				<visible>Container.Content(addons) + !Window.IsActive(AddonBrowser)</visible>
				<control type="image">
					<width>384</width>
					<height>108</height>
					<texture colordiffuse="$VAR[color:Main]">colorize/100.png</texture>
					<visible>Control.HasFocus(204)</visible>
				</control>
				<control type="button" id="204">
					<top>12</top>
					<label>$LOCALIZE[21452]</label>
					<onup>7090</onup>
					<ondown>7092</ondown>
					<onleft>7100</onleft>
					<onright>$PARAM[OnRight]</onright>
					<onclick>$VAR[menu:GetAddons]</onclick>
					<include>menu_Button</include>
				</control>
				<control type="group">
					<top>54</top>
					<left>32</left>
					<control type="label">
						<textcolor>$VAR[color:Main]</textcolor>
						<label>$VAR[menu:GetAddonsLabel]</label>
						<include>menu_Label</include>
						<visible>!Control.HasFocus(204)</visible>
					</control>
					<control type="label">
						<width>384</width>
						<label>$VAR[menu:GetAddonsLabel]</label>
						<include>menu_Label</include>
						<visible>Control.HasFocus(204)</visible>
					</control>
				</control>
			</control>
			<!--player controls-->
			<control type="group" id="7092">
				<height>108</height>
				<visible>Player.HasMedia + String.IsEqual(Skin.String(menu.controls),player)</visible>
				<control type="image">
					<width>384</width>
					<height>108</height>
					<texture colordiffuse="$VAR[color:Main]">colorize/10.png</texture>
					<visible>ControlGroup(300).HasFocus()</visible>
				</control>
				<control type="grouplist" id="300">
					<left>6</left>
					<top>6</top>
					<itemgap>0</itemgap>
					<onleft>noop</onleft>
					<onup>7091</onup>
					<ondown>7093</ondown>
					<onright>$PARAM[OnRight]</onright>
					<orientation>horizontal</orientation>
					<control type="button" id="301">
						<label>&#59171;</label>
						<onclick>PlayerControl(Previous)</onclick>
						<onback>50</onback>
						<include>menu_PlayerControl</include>
					</control>
					<control type="togglebutton" id="302">
						<label>&#59054;</label>
						<altlabel>&#59053;</altlabel>
						<usealttexture>Player.Paused</usealttexture>
						<onclick>PlayerControl(Play)</onclick>
						<onback>50</onback>
						<visible>!VideoPlayer.Content(LiveTV)</visible>
						<include>menu_PlayerControl</include>
					</control>
					<control type="button" id="303">
						<label>&#59170;</label>
						<onclick>PlayerControl(Next)</onclick>
						<onback>50</onback>
						<include>menu_PlayerControl</include>
					</control>
					<control type="button" id="304">
						<label>$VAR[menu:PlayerToggle]</label>
						<onclick condition="Player.HasVideo">Right</onclick>
						<onclick condition="Player.HasVideo">Action(fullscreen)</onclick>
						<onclick condition="Player.HasAudio">ActivateWindow(musicplaylist)</onclick>
						<onback>50</onback>
						<include>menu_PlayerControl</include>
					</control>
				</control>
			</control>
			<!--now playing / fullscreen-->
			<control type="group" id="7093">
				<height>108</height>
				<visible>Player.HasMedia + String.IsEqual(Skin.String(menu.controls),fullscreen)</visible>
				<control type="image">
					<width>384</width>
					<height>108</height>
					<texture colordiffuse="$VAR[color:Main]">colorize/100.png</texture>
					<visible>Control.HasFocus(400)</visible>
				</control>
				<control type="button" id="400">
					<top>12</top>
					<label>$VAR[menu:NowPlaying.Label]</label>
					<onup>7092</onup>
					<ondown>7094</ondown>
					<onleft>7100</onleft>
					<onright>$PARAM[OnRight]</onright>
					<onclick condition="Player.HasAudio">ActivateWindow(musicplaylist)</onclick>
					<onclick condition="Player.HasVideo">Action(fullscreen)</onclick>
					<include>menu_Button</include>
				</control>
				<control type="group">
					<top>54</top>
					<left>32</left>
					<control type="label">
						<textcolor>$VAR[color:Main]</textcolor>
						<label>$LOCALIZE[31711]</label>
						<include>menu_Label</include>
						<visible>!Control.HasFocus(400)</visible>
					</control>
					<control type="label">
						<width>384</width>
						<label>$LOCALIZE[31711]</label>
						<include>menu_Label</include>
						<visible>Control.HasFocus(400)</visible>
					</control>
				</control>
			</control>
		</definition>
	</include>

	<include name="menu_AddonSettings">
		<!-- Add-on settings -->
		<control type="group" id="7011">
			<height>108</height>
			<visible>!String.IsEmpty(Container.PluginName)</visible>
			<control type="image">
				<width>384</width>
				<height>108</height>
				<texture colordiffuse="$VAR[color:Main]">colorize/100.png</texture>
				<visible>Control.HasFocus(94)</visible>
			</control>
			<control type="radiobutton" id="94">
				<top>12</top>
				<label>$LOCALIZE[24000]</label>
				<onup>7010</onup>
				<ondown>7092</ondown>
				<onleft>7100</onleft>
				<onright>50</onright>
				<onclick>Addon.OpenSettings($INFO[Container.PluginName])</onclick>
				<include>menu_Button</include>
			</control>
			<control type="group">
				<top>54</top>
				<left>32</left>
				<control type="label">
					<textcolor>$VAR[color:Main]</textcolor>
					<label>$LOCALIZE[5]</label>
					<include>menu_Label</include>
					<visible>!Control.HasFocus(94)</visible>
				</control>
				<control type="label">
					<width>384</width>
					<label>$LOCALIZE[5]</label>
					<include>menu_Label</include>
					<visible>Control.HasFocus(94)</visible>
				</control>
			</control>
		</control>
	</include>

	<include name="menu_Video">	
		<include>menu_Views</include>
		<include>menu_Commons</include>
		<!--hide watched-->
		<control type="group" id="7010">
			<height>108</height>
			<visible>Window.IsActive(videos)</visible>
			<control type="image">
				<width>384</width>
				<height>108</height>
				<texture colordiffuse="$VAR[color:Main]">colorize/100.png</texture>
				<visible>Control.HasFocus(10)</visible>
			</control>
			<control type="button" id="10">
				<top>12</top>
				<label>$LOCALIZE[20367]</label>
				<onup>44</onup>
				<ondown>7011</ondown>
				<onleft>7100</onleft>
				<onright>50</onright>
				<include>menu_Button</include>
				<onclick>Container.SetSortDirection</onclick>
			</control>
			<control type="group">
				<top>54</top>
				<left>32</left>
				<control type="label">
					<textcolor>$VAR[color:Main]</textcolor>
					<label>$INFO[Container().NumItems,, $LOCALIZE[31084]]</label>
					<include>menu_Label</include>
					<visible>!Control.HasFocus(10)</visible>
				</control>
				<control type="label">
					<width>384</width>
					<label>$INFO[Container().NumItems,, $LOCALIZE[31084]]</label>
					<include>menu_Label</include>
					<visible>Control.HasFocus(10)</visible>
				</control>
			</control>
		</control>
		<!--filter-->
		<control type="group" id="7011">
			<height>108</height>
			<visible>Container.CanFilter + !Container.CanFilterAdvanced | Container.CanFilterAdvanced</visible>
			<control type="image">
				<width>384</width>
				<height>108</height>
				<texture colordiffuse="$VAR[color:Main]">colorize/100.png</texture>
				<visible>Control.HasFocus(19) | Control.HasFocus(98)</visible>
			</control>
			<control type="edit" id="19">
				<top>12</top>
				<label>$LOCALIZE[587]</label>
				<onup>7010</onup>
				<ondown>7012</ondown>
				<onleft>7100</onleft>
				<onright>50</onright>
				<onclick>right</onclick>
				<include>menu_Button</include>
				<visible>Container.CanFilter + !Container.CanFilterAdvanced</visible>
			</control>
			<control type="radiobutton" id="98">
				<top>12</top>
				<label>$LOCALIZE[587]</label>
				<onup>7010</onup>
				<ondown>7012</ondown>
				<onleft>7100</onleft>
				<onright>50</onright>
				<onclick>right</onclick>
				<onclick>Filter</onclick>
				<include>menu_Button</include>
				<visible>Container.CanFilterAdvanced</visible>
			</control>
			<control type="group">
				<top>54</top>
				<left>32</left>
				<control type="label">
					<textcolor>$VAR[color:Main]</textcolor>
					<label>$VAR[menu:FilterCount]</label>
					<include>menu_Label</include>
					<visible>!Control.HasFocus(19) + !Control.HasFocus(98)</visible>
				</control>
				<control type="label">
					<width>384</width>
					<label>$VAR[menu:FilterCount]</label>
					<include>menu_Label</include>
					<visible>Control.HasFocus(19) | Control.HasFocus(98)</visible>
				</control>
			</control>
		</control>
		<!--party mode-->
		<control type="group" id="7012">
			<height>108</height>
			<visible>Container.Content(musicvideos)</visible>
			<control type="image">
				<width>384</width>
				<height>108</height>
				<texture colordiffuse="$VAR[color:Main]">colorize/100.png</texture>
				<visible>Control.HasFocus(16)</visible>
			</control>
			<control type="radiobutton" id="16">
				<top>12</top>
				<label>$LOCALIZE[589]</label>
				<onup>7011</onup>
				<ondown>7013</ondown>
				<onleft>7100</onleft>
				<onright>50</onright>
				<include>menu_Button</include>
				<visible>Container.Content(musicvideos)</visible>
			</control>
			<control type="group">
				<top>54</top>
				<left>32</left>
				<control type="label">
					<textcolor>$VAR[color:Main]</textcolor>
					<label>$VAR[menu:PartyMode]</label>
					<include>menu_Label</include>
					<visible>!Control.HasFocus(16)</visible>
				</control>
				<control type="label">
					<width>384</width>
					<label>$VAR[menu:PartyMode]</label>
					<include>menu_Label</include>
					<visible>Control.HasFocus(16)</visible>
				</control>
			</control>
		</control>
		<!--search-->
		<control type="group" id="7013">
			<height>108</height>
			<visible>$EXP[Content.IsVideo] | $EXP[Content.IsAudio]</visible>
			<control type="image">
				<width>384</width>
				<height>108</height>
				<texture colordiffuse="$VAR[color:Main]">colorize/100.png</texture>
				<visible>Control.HasFocus(8)</visible>
			</control>
			<control type="button" id="8">
				<top>12</top>
				<label>$LOCALIZE[137]</label>
				<onup>7012</onup>
				<ondown>7014</ondown>
				<onleft>7100</onleft>
				<onright>50</onright>
				<include>menu_Button</include>
				<onclick>SetProperty(SearchQuery,true,virtualkeyboard)</onclick>
				<onclick>Right</onclick>
				<visible>Window.IsActive(videos) | Window.IsActive(music)</visible>
			</control>
			<control type="group">
				<top>54</top>
				<left>32</left>
				<control type="label">
					<textcolor>$VAR[color:Main]</textcolor>
					<label>$VAR[menu:Search]</label>
					<include>menu_Label</include>
					<visible>!Control.HasFocus(8)</visible>
				</control>
				<control type="label">
					<width>384</width>
					<label>$VAR[menu:Search]</label>
					<include>menu_Label</include>
					<visible>Control.HasFocus(8)</visible>
				</control>
			</control>
		</control>
		<!--unlock shares-->
		<control type="group" id="7014">
			<height>108</height>
			<visible>System.HasLocks</visible>
			<control type="image">
				<width>384</width>
				<height>108</height>
				<texture colordiffuse="$VAR[color:Main]">colorize/100.png</texture>
				<visible>Control.HasFocus(11)</visible>
			</control>
			<control type="radiobutton" id="11">
				<top>12</top>
				<label>$LOCALIZE[20336]</label>
				<onup>7013</onup>
				<ondown>7090</ondown>
				<onleft>7100</onleft>
				<onright>50</onright>
				<include>menu_Button</include>
				<selected>System.IsMaster</selected>
				<onclick>xbmc.mastermode</onclick>
			</control>
			<control type="group">
				<top>54</top>
				<left>32</left>
				<control type="label">
					<textcolor>$VAR[color:Main]</textcolor>
					<label>$VAR[menu:MasterMode]</label>
					<include>menu_Label</include>
					<visible>!Control.HasFocus(11)</visible>
				</control>
				<control type="label">
					<width>384</width>
					<label>$VAR[menu:MasterMode]</label>
					<include>menu_Label</include>
					<visible>Control.HasFocus(11)</visible>
				</control>
			</control>
		</control>

		<include>menu_Extras</include>

	</include>

	<include name="menu_Pictures">	

		<include>menu_Views</include>
		<include>menu_Commons</include>

		<!--slideshow-->
		<control type="group" id="7010">
			<height>108</height>
			<visible>Container.Content(images) + Control.IsEnabled(6)</visible>
			<control type="image">
				<width>384</width>
				<height>108</height>
				<texture colordiffuse="$VAR[color:Main]">colorize/100.png</texture>
				<visible>Control.HasFocus(6)</visible>
			</control>
			<control type="button" id="6">
				<top>12</top>
				<label>$LOCALIZE[108]</label>
				<onup>7004</onup>
				<ondown>7011</ondown>
				<onleft>7100</onleft>
				<onright>50</onright>
				<include>menu_Button</include>
			</control>
			<control type="group">
				<top>54</top>
				<left>32</left>
				<control type="label">
					<textcolor>$VAR[color:Main]</textcolor>
					<label>$INFO[Container.NumItems] $LOCALIZE[1]</label>
					<include>menu_Label</include>
					<visible>!Control.HasFocus(6)</visible>
				</control>
				<control type="label">
					<width>384</width>
					<label>$INFO[Container.NumItems] $LOCALIZE[1]</label>
					<include>menu_Label</include>
					<visible>Control.HasFocus(6)</visible>
				</control>
			</control>
		</control>
		<!--recursize slideshow-->
		<control type="group" id="7011">
			<height>108</height>
			<visible>Window.IsActive(pictures) + Control.IsEnabled(7)</visible>
			<control type="image">
				<width>384</width>
				<height>108</height>
				<texture colordiffuse="$VAR[color:Main]">colorize/100.png</texture>
				<visible>Control.HasFocus(7)</visible>
			</control>
			<control type="button" id="7">
				<top>12</top>
				<label>$LOCALIZE[361]</label>
				<onup>7010</onup>
				<ondown>7012</ondown>
				<onleft>7100</onleft>
				<onright>50</onright>
				<include>menu_Button</include>
				<visible>Window.IsActive(pictures)</visible>
			</control>
			<control type="group">
				<top>54</top>
				<left>32</left>
				<control type="label">
					<textcolor>$VAR[color:Main]</textcolor>
					<label>$INFO[Container.NumItems] $LOCALIZE[31084]</label>
					<include>menu_Label</include>
					<visible>!Control.HasFocus(7)</visible>
				</control>
				<control type="label">
					<width>384</width>
					<label>$INFO[Container.NumItems] $LOCALIZE[31084]</label>
					<include>menu_Label</include>
					<visible>Control.HasFocus(7)</visible>
				</control>
			</control>
		</control>
		<!--randomize-->
		<control type="group" id="7012">
			<height>108</height>
			<visible>Container.Content(images) + Control.IsEnabled(9)</visible>
			<control type="image">
				<width>384</width>
				<height>108</height>
				<texture colordiffuse="$VAR[color:Main]">colorize/100.png</texture>
				<visible>Control.HasFocus(9)</visible>
			</control>
			<control type="radiobutton" id="9">
				<top>12</top>
				<label>$LOCALIZE[13319]</label>
				<onup>7011</onup>
				<ondown>7090</ondown>
				<onleft>7100</onleft>
				<onright>50</onright>
				<include>menu_Button</include>
				<visible>Window.IsActive(pictures)</visible>
			</control>
			<control type="group">
				<top>54</top>
				<left>32</left>
				<control type="label">
					<textcolor>$VAR[color:Main]</textcolor>
					<label>$VAR[menu:Randomize]</label>
					<include>menu_Label</include>
					<visible>!Control.HasFocus(9)</visible>
				</control>
				<control type="label">
					<width>384</width>
					<label>$VAR[menu:Randomize]</label>
					<include>menu_Label</include>
					<visible>Control.HasFocus(9)</visible>
				</control>
			</control>
		</control>

		<include>menu_Extras</include>

	</include>

	<include name="menu_Music">

		<include>menu_Views</include>
		<include>menu_Commons</include>

		<!--party mode-->
		<control type="group" id="7010">
			<height>108</height>
			<visible>Window.IsActive(music) | Container.Content(musicvideos)</visible>
			<control type="image">
				<width>384</width>
				<height>108</height>
				<texture colordiffuse="$VAR[color:Main]">colorize/100.png</texture>
				<visible>Control.HasFocus(16)</visible>
			</control>
			<control type="radiobutton" id="16">
				<top>12</top>
				<label>$LOCALIZE[589]</label>
				<onup>7004</onup>
				<ondown>7090</ondown>
				<onleft>7100</onleft>
				<onright>50</onright>
				<include>menu_Button</include>
				<visible>Window.IsActive(music) | Container.Content(musicvideos)</visible>
			</control>
			<control type="group">
				<top>54</top>
				<left>32</left>
				<control type="label">
					<textcolor>$VAR[color:Main]</textcolor>
					<label>$VAR[menu:PartyMode]</label>
					<include>menu_Label</include>
					<visible>!Control.HasFocus(16)</visible>
				</control>
				<control type="label">
					<width>384</width>
					<label>$VAR[menu:PartyMode]</label>
					<include>menu_Label</include>
					<visible>Control.HasFocus(16)</visible>
				</control>
			</control>
		</control>
		<!--fake button to pass on focus from menu extras include to window specific items-->
		<control type="button" id="7014">
			<onfocus>SetFocus(7010)</onfocus>
			<visible allowhiddenfocus="true">false</visible>
		</control>

		<include>menu_Extras</include>

	</include>


	<include name="menu_Addons">	

		<include condition="!Window.IsActive(1110)">menu_Views</include>
		<include condition="!Window.IsActive(1110)">menu_Commons</include>

	<!--hide broken-->
		<control type="group" id="7010">
			<height>108</height>
			<visible>Control.IsEnabled(7) + !Window.IsActive(1110)</visible>
			<control type="image">
				<width>384</width>
				<height>108</height>
				<texture colordiffuse="$VAR[color:Main]">colorize/100.png</texture>
				<visible>Control.HasFocus(8)</visible>
			</control>
			<control type="radiobutton" id="8">
				<top>12</top>
				<label>$LOCALIZE[24999]</label>
				<onup>7004</onup>
				<ondown>7011</ondown>
				<onleft>7100</onleft>
				<onright>50</onright>
				<include>menu_Button</include>
			</control>
			<control type="group">
				<top>54</top>
				<left>32</left>
				<control type="label">
					<textcolor>$VAR[color:Main]</textcolor>
					<label>$VAR[menu:HideBroken]</label>
					<include>menu_Label</include>
					<visible>!Control.HasFocus(8)</visible>
				</control>
				<control type="label">
					<width>384</width>
					<label>$VAR[menu:HideBroken]</label>
					<include>menu_Label</include>
					<visible>Control.HasFocus(8)</visible>
				</control>
			</control>
		</control>
		<!--hide foreign-->
		<control type="group" id="7011">
			<height>108</height>
			<visible>Control.IsEnabled(7) + !Window.IsActive(1110)</visible>
			<control type="image">
				<width>384</width>
				<height>108</height>
				<texture colordiffuse="$VAR[color:Main]">colorize/100.png</texture>
				<visible>Control.HasFocus(7)</visible>
			</control>
			<control type="radiobutton" id="7">
				<top>12</top>
				<label>$LOCALIZE[25001]</label>
				<onup>7010</onup>
				<ondown>7090</ondown>
				<onleft>7100</onleft>
				<onright>50</onright>
				<include>menu_Button</include>
			</control>
			<control type="group">
				<top>54</top>
				<left>32</left>
				<control type="label">
					<textcolor>$VAR[color:Main]</textcolor>
					<label>$VAR[menu:HideForeign]</label>
					<include>menu_Label</include>
					<visible>!Control.HasFocus(7)</visible>
				</control>
				<control type="label">
					<width>384</width>
					<label>$VAR[menu:HideForeign]</label>
					<include>menu_Label</include>
					<visible>Control.HasFocus(7)</visible>
				</control>
			</control>
		</control>
		<!-- Refresh repositories -->
		<control type="group" id="7012">
			<height>108</height>
			<visible>Window.IsActive(1110) | String.IsEqual(Container.FolderPath,addons://)</visible>
			<control type="image">
				<width>384</width>
				<height>108</height>
				<texture colordiffuse="$VAR[color:Main]">colorize/100.png</texture>
				<visible>Control.HasFocus(91)</visible>
			</control>
			<control type="radiobutton" id="91">
				<top>12</top>
				<label>$LOCALIZE[31666]</label>
				<onup>7011</onup>
				<ondown>7013</ondown>
				<onleft>7100</onleft>
				<onright>50</onright>
				<onclick>Right</onclick>
				<onclick>UpdateAddonRepos</onclick>
				<include>menu_Button</include>
			</control>
			<control type="group">
				<top>54</top>
				<left>32</left>
				<control type="label">
					<textcolor>$VAR[color:Main]</textcolor>
					<label>$LOCALIZE[184]</label>
					<include>menu_Label</include>
					<visible>!Control.HasFocus(91)</visible>
				</control>
				<control type="label">
					<width>384</width>
					<label>$LOCALIZE[184]</label>
					<include>menu_Label</include>
					<visible>Control.HasFocus(91)</visible>
				</control>
			</control>
		</control>
		<!-- Refresh add-on folders -->
		<control type="group" id="7013">
			<height>108</height>
			<visible>Window.IsActive(1110) | String.IsEqual(Container.FolderPath,addons://)</visible>
			<control type="image">
				<width>384</width>
				<height>108</height>
				<texture colordiffuse="$VAR[color:Main]">colorize/100.png</texture>
				<visible>Control.HasFocus(92)</visible>
			</control>
			<control type="radiobutton" id="92">
				<top>12</top>
				<label>$LOCALIZE[31667]</label>
				<onup>7012</onup>
				<ondown>7014</ondown>
				<onleft>7100</onleft>
				<onright>50</onright>
				<onclick>Right</onclick>
				<onclick>UpdateLocalAddons</onclick>
				<include>menu_Button</include>
			</control>
			<control type="group">
				<top>54</top>
				<left>32</left>
				<control type="label">
					<textcolor>$VAR[color:Main]</textcolor>
					<label>$LOCALIZE[184]</label>
					<include>menu_Label</include>
					<visible>!Control.HasFocus(92)</visible>
				</control>
				<control type="label">
					<width>384</width>
					<label>$LOCALIZE[184]</label>
					<include>menu_Label</include>
					<visible>Control.HasFocus(92)</visible>
				</control>
			</control>
		</control>

		<!-- Add-ons system settings -->
		<control type="group" id="7014">
			<height>108</height>
			<visible>String.IsEqual(Container.FolderPath,addons://)</visible>
			<control type="image">
				<width>384</width>
				<height>108</height>
				<texture colordiffuse="$VAR[color:Main]">colorize/100.png</texture>
				<visible>Control.HasFocus(93)</visible>
			</control>
			<control type="radiobutton" id="93">
				<top>12</top>
				<label>$INFO[Container.PluginName]</label>
				<onup>7013</onup>
				<ondown>7015</ondown>
				<onleft>7100</onleft>
				<onright>50</onright>
				<onclick>Right</onclick>
				<onclick>ActivateWindowAndFocus(systemsettings,-95,0,-79,0)</onclick>
				<include>menu_Button</include>
			</control>
			<control type="group">
				<top>54</top>
				<left>32</left>
				<control type="label">
					<textcolor>$VAR[color:Main]</textcolor>
					<label>$LOCALIZE[10140]</label>
					<include>menu_Label</include>
					<visible>!Control.HasFocus(93)</visible>
				</control>
				<control type="label">
					<width>384</width>
					<label>$LOCALIZE[10140]</label>
					<include>menu_Label</include>
					<visible>Control.HasFocus(93)</visible>
				</control>
			</control>
		</control>

		<!-- Add-on settings -->
		<control type="group" id="7015">
			<height>108</height>
			<visible>!String.IsEmpty(Container.PluginName)</visible>
			<control type="image">
				<width>384</width>
				<height>108</height>
				<texture colordiffuse="$VAR[color:Main]">colorize/100.png</texture>
				<visible>Control.HasFocus(94)</visible>
			</control>
			<control type="radiobutton" id="94">
				<top>12</top>
				<label>$LOCALIZE[24992]</label>
				<onup>7014</onup>
				<ondown>7092</ondown>
				<onleft>7100</onleft>
				<onright>50</onright>
				<onclick>Addon.OpenSettings($INFO[Container.PluginName])</onclick>
				<include>menu_Button</include>
			</control>
			<control type="group">
				<top>54</top>
				<left>32</left>
				<control type="label">
					<textcolor>$VAR[color:Main]</textcolor>
					<label>$LOCALIZE[5]</label>
					<include>menu_Label</include>
					<visible>!Control.HasFocus(94)</visible>
				</control>
				<control type="label">
					<width>384</width>
					<label>$LOCALIZE[5]</label>
					<include>menu_Label</include>
					<visible>Control.HasFocus(94)</visible>
				</control>
			</control>
		</control>

		<include content="menu_AddonSettings">

			

		</include>

		<include>menu_Extras</include>

	</include>


	<include name="menu_Games">	

		<include condition="!Window.IsActive(1110)">menu_Views</include>
		<include condition="!Window.IsActive(1110)">menu_Commons</include>


		<!-- Games system settings -->
		<control type="group" id="7010">
			<height>108</height>
			<control type="image">
				<width>384</width>
				<height>108</height>
				<texture colordiffuse="$VAR[color:Main]">colorize/100.png</texture>
				<visible>Control.HasFocus(93)</visible>
			</control>
			<control type="radiobutton" id="93">
				<top>12</top>
				<label>$LOCALIZE[24992]</label>
				<onup>7004</onup>
				<ondown>7011</ondown>
				<onleft>7100</onleft>
				<onright>50</onright>
				<onclick>Right</onclick>
				<onclick>ActivateWindowAndFocus(systemsettings,-95,0,-79,0)</onclick>
				<include>menu_Button</include>
			</control>
			<control type="group">
				<top>54</top>
				<left>32</left>
				<control type="label">
					<textcolor>$VAR[color:Main]</textcolor>
					<label>$LOCALIZE[15016] $LOCALIZE[21417]</label>
					<include>menu_Label</include>
					<visible>!Control.HasFocus(93)</visible>
				</control>
				<control type="label">
					<width>384</width>
					<label>$LOCALIZE[15016] $LOCALIZE[21417]</label>
					<include>menu_Label</include>
					<visible>Control.HasFocus(93)</visible>
				</control>
			</control>
		</control>

		<include content="menu_AddonSettings"></include>

		<include>menu_Extras</include>

	</include>


	<include name="menu_Playlist">
		<!--change viewtype-->
		<control type="group" id="7040">
			<height>108</height>
			<control type="image">
				<width>384</width>
				<height>108</height>
				<texture colordiffuse="$VAR[color:Main]">colorize/100.png</texture>
				<visible>Control.HasFocus(2)</visible>
			</control>
			<control type="button" id="2">
				<top>12</top>
				<label>$LOCALIZE[31220]</label>
				<onup>22</onup>
				<ondown>20</ondown>
				<onleft>7100</onleft>
				<onright>50</onright>
				<include>menu_Button</include>
				<onclick>Container.NextViewMode</onclick>
			</control>
			<control type="group">
				<top>54</top>
				<left>32</left>
				<control type="label">
					<textcolor>$VAR[color:Main]</textcolor>
					<label>$INFO[Container.ViewMode]</label>
					<include>menu_Label</include>
					<visible>!Control.HasFocus(2)</visible>
				</control>
				<control type="label">
					<width>384</width>
					<label>$INFO[Container.ViewMode]</label>
					<include>menu_Label</include>
					<visible>Control.HasFocus(2)</visible>
				</control>
			</control>
		</control>
		<!--shuffle-->
		<control type="group" id="7041">
			<height>108</height>
			<control type="image">
				<width>384</width>
				<height>108</height>
				<texture colordiffuse="$VAR[color:Main]">colorize/100.png</texture>
				<visible>Control.HasFocus(20)</visible>
			</control>
			<control type="radiobutton" id="20">
				<top>12</top>
				<label>$LOCALIZE[191]</label>
				<onup>2</onup>
				<ondown>36</ondown>
				<onleft>7100</onleft>
				<onright>50</onright>
				<include>menu_Button</include>
			</control>
			<control type="group">
				<top>54</top>
				<left>32</left>
				<control type="label">
					<textcolor>$VAR[color:Main]</textcolor>
					<label>$VAR[menu:Shuffle]</label>
					<include>menu_Label</include>
					<visible>!Control.HasFocus(20)</visible>
				</control>
				<control type="label">
					<width>384</width>
					<label>$VAR[menu:Shuffle]</label>
					<include>menu_Label</include>
					<visible>Control.HasFocus(20)</visible>
				</control>
			</control>
		</control>
		<!--repeat-->
		<control type="group" id="7042">
			<height>108</height>
			<control type="image">
				<width>384</width>
				<height>108</height>
				<texture colordiffuse="$VAR[color:Main]">colorize/100.png</texture>
				<visible>Control.HasFocus(36)</visible>
			</control>
			<control type="button" id="36">
				<top>12</top>
				<label>$LOCALIZE[486]</label>
				<onup>20</onup>
				<ondown>21</ondown>
				<onleft>7100</onleft>
				<onright>50</onright>
				<include>menu_Button</include>
				<onclick>SendClick(26)</onclick>
			</control>
			<control type="button" id="26">
				<visible allowhiddenfocus="true">false</visible>
			</control>
			<control type="group">
				<top>54</top>
				<left>32</left>
				<control type="label">
					<textcolor>$VAR[color:Main]</textcolor>
					<label>$VAR[menu:Repeat]</label>
					<include>menu_Label</include>
					<visible>!Control.HasFocus(36)</visible>
				</control>
				<control type="label">
					<width>384</width>
					<label>$VAR[menu:Repeat]</label>
					<include>menu_Label</include>
					<visible>Control.HasFocus(36)</visible>
				</control>
			</control>
		</control>
		<!--save-->
		<control type="group" id="7042">
			<height>108</height>
			<control type="image">
				<width>384</width>
				<height>108</height>
				<texture colordiffuse="$VAR[color:Main]">colorize/100.png</texture>
				<visible>Control.HasFocus(21)</visible>
			</control>
			<control type="button" id="21">
				<top>12</top>
				<label>$LOCALIZE[190]</label>
				<onup>36</onup>
				<ondown>22</ondown>
				<onleft>7100</onleft>
				<onright>50</onright>
				<include>menu_Button</include>
			</control>
			<control type="group">
				<top>54</top>
				<left>32</left>
				<control type="label">
					<textcolor>$VAR[color:Main]</textcolor>
					<label>$LOCALIZE[13350]</label>
					<include>menu_Label</include>
					<visible>!Control.HasFocus(21)</visible>
				</control>
				<control type="label">
					<width>384</width>
					<label>$LOCALIZE[13350]</label>
					<include>menu_Label</include>
					<visible>Control.HasFocus(21)</visible>
				</control>
			</control>
		</control>
		<!--clear-->
		<control type="group" id="7042">
			<height>108</height>
			<control type="image">
				<width>384</width>
				<height>108</height>
				<texture colordiffuse="$VAR[color:Main]">colorize/100.png</texture>
				<visible>Control.HasFocus(22)</visible>
			</control>
			<control type="button" id="22">
				<top>12</top>
				<label>$LOCALIZE[192]</label>
				<onup>21</onup>
				<ondown>2</ondown>
				<onleft>7100</onleft>
				<onright>50</onright>
				<include>menu_Button</include>
			</control>
			<control type="group">
				<top>54</top>
				<left>32</left>
				<control type="label">
					<textcolor>$VAR[color:Main]</textcolor>
					<label>$LOCALIZE[13350]</label>
					<include>menu_Label</include>
					<visible>!Control.HasFocus(22)</visible>
				</control>
				<control type="label">
					<width>384</width>
					<label>$LOCALIZE[13350]</label>
					<include>menu_Label</include>
					<visible>Control.HasFocus(22)</visible>
				</control>
			</control>
		</control>
	</include>

	<include name="menu_System">
		<!--settings level-->
		<control type="group" id="7010">
			<height>108</height>
			<visible>Window.IsActive(SettingsCategory.xml)</visible>
			<control type="image">
				<width>384</width>
				<height>108</height>
				<texture colordiffuse="$VAR[color:Main]">colorize/100.png</texture>
				<visible>Control.HasFocus(101)</visible>
			</control>
			<control type="button" id="101">
				<top>12</top>
				<label>$LOCALIZE[31305]</label>
				<onup>7004</onup>
				<ondown>7011</ondown>
				<onleft>7100</onleft>
				<onright>50</onright>
				<include>menu_Button</include>
				<onclick>SettingsLevelChange</onclick>
			</control>
			<control type="group">
				<top>54</top>
				<left>32</left>
				<control type="label">
					<textcolor>$VAR[color:Main]</textcolor>
					<label>$INFO[Control.GetLabel(20)]</label>
					<include>menu_Label</include>
					<visible>!Control.HasFocus(101)</visible>
				</control>
				<control type="label">
					<width>384</width>
					<label>$INFO[Control.GetLabel(20)]</label>
					<include>menu_Label</include>
					<visible>Control.HasFocus(101)</visible>
				</control>
			</control>
		</control>
		<!--file manager-->
		<control type="group" id="7011">
			<height>108</height>
			<visible>Window.IsActive(settings)</visible>
			<control type="image">
				<width>384</width>
				<height>108</height>
				<texture colordiffuse="$VAR[color:Main]">colorize/100.png</texture>
				<visible>Control.HasFocus(30)</visible>
			</control>
			<control type="button" id="30">
				<top>12</top>
				<label>$LOCALIZE[7]</label>
				<onup>7010</onup>
				<ondown>7012</ondown>
				<onleft>7100</onleft>
				<onright>50</onright>
				<include>menu_Button</include>
				<onclick>ActivateWindow(filemanager)</onclick>
			</control>
			<control type="group">
				<top>54</top>
				<left>32</left>
				<control type="label">
					<textcolor>$VAR[color:Main]</textcolor>
					<label>$LOCALIZE[518]</label>
					<include>menu_Label</include>
					<visible>!Control.HasFocus(30)</visible>
				</control>
				<control type="label">
					<width>384</width>
					<label>$LOCALIZE[518]</label>
					<include>menu_Label</include>
					<visible>Control.HasFocus(30)</visible>
				</control>
			</control>
		</control>
		<!--events-->
		<control type="group" id="7012">
			<height>108</height>
			<visible>Window.IsActive(settings)</visible>
			<control type="image">
				<width>384</width>
				<height>108</height>
				<texture colordiffuse="$VAR[color:Main]">colorize/100.png</texture>
				<visible>Control.HasFocus(40)</visible>
			</control>
			<control type="button" id="40">
				<top>12</top>
				<label>$LOCALIZE[14111]</label>
				<onup>7011</onup>
				<ondown>7013</ondown>
				<onleft>7100</onleft>
				<onright>50</onright>
				<include>menu_Button</include>
				<onclick>ActivateWindow(eventlog)</onclick>
			</control>
			<control type="group">
				<top>54</top>
				<left>32</left>
				<control type="label">
					<textcolor>$VAR[color:Main]</textcolor>
					<label>$LOCALIZE[14114]</label>
					<include>menu_Label</include>
					<visible>!Control.HasFocus(40)</visible>
				</control>
				<control type="label">
					<width>384</width>
					<label>$LOCALIZE[14114]</label>
					<include>menu_Label</include>
					<visible>Control.HasFocus(40)</visible>
				</control>
			</control>
		</control>
		<!--event logging level-->
		<control type="group" id="7013">
			<height>108</height>
			<visible>Window.IsActive(eventlog)</visible>
			<control type="image">
				<width>384</width>
				<height>108</height>
				<texture colordiffuse="$VAR[color:Main]">colorize/100.png</texture>
				<visible>Control.HasFocus(21)</visible>
			</control>
			<control type="button" id="21">
				<top>12</top>
				<onup>7012</onup>
				<ondown>7014</ondown>
				<onleft>7100</onleft>
				<onright>50</onright>
				<include>menu_Button</include>
			</control>
			<control type="group">
				<top>54</top>
				<left>32</left>
				<control type="label">
					<textcolor>$VAR[color:Main]</textcolor>
					<label>$LOCALIZE[14114]</label>
					<include>menu_Label</include>
					<visible>!Control.HasFocus(21)</visible>
				</control>
				<control type="label">
					<width>384</width>
					<label>$LOCALIZE[14114]</label>
					<include>menu_Label</include>
					<visible>Control.HasFocus(21)</visible>
				</control>
			</control>
		</control>
		<!--only show current level-->
		<control type="group" id="7014">
			<height>108</height>
			<visible>Window.IsActive(eventlog)</visible>
			<control type="image">
				<width>384</width>
				<height>108</height>
				<texture colordiffuse="$VAR[color:Main]">colorize/100.png</texture>
				<visible>Control.HasFocus(22)</visible>
			</control>
			<control type="radiobutton" id="22">
				<top>12</top>
				<onup>7013</onup>
				<ondown>7015</ondown>
				<onleft>7100</onleft>
				<onright>50</onright>
				<include>menu_Button</include>
			</control>
			<control type="group">
				<top>54</top>
				<left>32</left>
				<control type="label">
					<textcolor>$VAR[color:Main]</textcolor>
					<label>$LOCALIZE[14114]</label>
					<include>menu_Label</include>
					<visible>!Control.HasFocus(22)</visible>
				</control>
				<control type="label">
					<width>384</width>
					<label>$LOCALIZE[14114]</label>
					<include>menu_Label</include>
					<visible>Control.HasFocus(22)</visible>
				</control>
			</control>
		</control>
		<!--clear-->
		<control type="group" id="7015">
			<height>108</height>
			<visible>Window.IsActive(eventlog)</visible>
			<control type="image">
				<width>384</width>
				<height>108</height>
				<texture colordiffuse="$VAR[color:Main]">colorize/100.png</texture>
				<visible>Control.HasFocus(20)</visible>
			</control>
			<control type="button" id="20">
				<top>12</top>
				<label>$LOCALIZE[192]</label>
				<onup>7014</onup>
				<ondown>7090</ondown>
				<onleft>7100</onleft>
				<onright>50</onright>
				<include>menu_Button</include>
			</control>
			<control type="group">
				<top>54</top>
				<left>32</left>
				<control type="label">
					<textcolor>$VAR[color:Main]</textcolor>
					<label>$LOCALIZE[14114]</label>
					<include>menu_Label</include>
					<visible>!Control.HasFocus(20)</visible>
				</control>
				<control type="label">
					<width>384</width>
					<label>$LOCALIZE[14114]</label>
					<include>menu_Label</include>
					<visible>Control.HasFocus(20)</visible>
				</control>
			</control>
		</control>
		<!-- Skin debug grid -->
		<control type="group" id="7016">
			<height>108</height>
			<visible>Window.IsActive(SkinSettings)</visible>
			<control type="image">
				<width>384</width>
				<height>108</height>
				<texture colordiffuse="$VAR[color:Main]">colorize/100.png</texture>
				<visible>Control.HasFocus(30)</visible>
			</control>
			<control type="radiobutton" id="30">
				<top>12</top>
				<label>$LOCALIZE[31336]</label>
				<onup>7011</onup>
				<ondown>7017</ondown>
				<onleft>7100</onleft>
				<onright>9001</onright>
				<include>menu_Button</include>
				<onclick>Skin.ToggleSetting(dev.grid)</onclick>
			</control>
			<control type="group">
				<top>54</top>
				<left>32</left>
				<control type="label">
					<textcolor>$VAR[color:Main]</textcolor>
					<label>$VAR[menu:DebugGrid]</label>
					<include>menu_Label</include>
					<visible>!Control.HasFocus(30)</visible>
				</control>
				<control type="label">
					<width>384</width>
					<label>$VAR[menu:DebugGrid]</label>
					<include>menu_Label</include>
					<visible>Control.HasFocus(30)</visible>
				</control>
			</control>
		</control>
		<!-- Skin debug labels -->
		<control type="group" id="7017">
			<height>108</height>
			<visible>Window.IsActive(SkinSettings)</visible>
			<control type="image">
				<width>384</width>
				<height>108</height>
				<texture colordiffuse="$VAR[color:Main]">colorize/100.png</texture>
				<visible>Control.HasFocus(31)</visible>
			</control>
			<control type="radiobutton" id="31">
				<top>12</top>
				<label>$LOCALIZE[31337]</label>
				<onup>7016</onup>
				<ondown>7018</ondown>
				<onleft>7100</onleft>
				<onright>9001</onright>
				<include>menu_Button</include>
				<onclick>Skin.ToggleSetting(dev.overlay)</onclick>
			</control>
			<control type="group">
				<top>54</top>
				<left>32</left>
				<control type="label">
					<textcolor>$VAR[color:Main]</textcolor>
					<label>$VAR[menu:DebugOverlay]</label>
					<include>menu_Label</include>
					<visible>!Control.HasFocus(31)</visible>
				</control>
				<control type="label">
					<width>384</width>
					<label>$VAR[menu:DebugOverlay]</label>
					<include>menu_Label</include>
					<visible>Control.HasFocus(31)</visible>
				</control>
			</control>
		</control>

		<!-- Reload skin -->
		<control type="group" id="7018">
			<height>108</height>
			<visible>Window.IsActive(SkinSettings)</visible>
			<control type="image">
				<width>384</width>
				<height>108</height>
				<texture colordiffuse="$VAR[color:Main]">colorize/100.png</texture>
				<visible>Control.HasFocus(32)</visible>
			</control>
			<control type="radiobutton" id="32">
				<top>12</top>
				<label>$LOCALIZE[31081]</label>
				<onup>7017</onup>
				<ondown>7019</ondown>
				<onleft>7100</onleft>
				<onright>9001</onright>
				<include>menu_Button</include>
				<onclick>ReloadSkin()</onclick>
			</control>
			<control type="group">
				<top>54</top>
				<left>32</left>
				<control type="label">
					<textcolor>$VAR[color:Main]</textcolor>
					<label>$LOCALIZE[166]</label>
					<include>menu_Label</include>
					<visible>!Control.HasFocus(32)</visible>
				</control>
				<control type="label">
					<width>384</width>
					<label>$LOCALIZE[166]</label>
					<include>menu_Label</include>
					<visible>Control.HasFocus(32)</visible>
				</control>
			</control>
		</control>

		<!-- Reload skin -->
		<control type="group" id="7019">
			<height>108</height>
			<visible>Window.IsActive(settings)</visible>
			<control type="image">
				<width>384</width>
				<height>108</height>
				<texture colordiffuse="$VAR[color:Main]">colorize/100.png</texture>
				<visible>Control.HasFocus(33)</visible>
			</control>
			<control type="radiobutton" id="33">
				<top>12</top>
				<label>$LOCALIZE[10040]</label>
				<onup>7018</onup>
				<ondown>7090</ondown>
				<onleft>7100</onleft>
				<onright>9001</onright>
				<include>menu_Button</include>
				<onclick>ActivateWindow(addonbrowser)</onclick>
			</control>
			<control type="group">
				<top>54</top>
				<left>33</left>
				<control type="label">
					<textcolor>$VAR[color:Main]</textcolor>
					<label>$LOCALIZE[518]</label>
					<include>menu_Label</include>
					<visible>!Control.HasFocus(33)</visible>
				</control>
				<control type="label">
					<width>384</width>
					<label>$LOCALIZE[518]</label>
					<include>menu_Label</include>
					<visible>Control.HasFocus(33)</visible>
				</control>
			</control>
		</control>

		<include>menu_Extras</include>

	</include>


	<include name="menu_PVR">
		<!--channels-->
		<control type="group" id="7050">
			<height>108</height>
			<control type="image">
				<width>384</width>
				<height>108</height>
				<texture colordiffuse="$VAR[color:Main]">colorize/100.png</texture>
				<visible>Control.HasFocus(101)</visible>
			</control>
			<control type="button" id="101">
				<top>12</top>
				<label>$LOCALIZE[19019]</label>
				<onup>31</onup>
				<ondown>102</ondown>
				<onleft>7100</onleft>
				<onright>50</onright>
				<include>menu_Button</include>
				<onclick>50</onclick>
				<onclick condition="Window.IsActive(TVChannels) | Window.IsActive(RadioChannels)">NextChannelGroup</onclick>
				<onclick condition="String.IsEmpty(Window.Property(IsRadio))">ActivateWindow(TVChannels)</onclick>
				<onclick condition="!String.IsEmpty(Window.Property(IsRadio))">ActivateWindow(RadioChannels)</onclick>
			</control>
			<control type="group">
				<top>54</top>
				<left>32</left>
				<control type="label">
					<textcolor>$VAR[color:Main]</textcolor>
					<label>$INFO[Pvr.BackendChannels,, $LOCALIZE[31051]]</label>
					<include>menu_Label</include>
					<visible>!Control.HasFocus(101)</visible>
				</control>
				<control type="label">
					<width>384</width>
					<label>$INFO[Pvr.BackendChannels,, $LOCALIZE[31051]]</label>
					<include>menu_Label</include>
					<visible>Control.HasFocus(101)</visible>
				</control>
			</control>
		</control>
		<!--guide-->
		<control type="group" id="7051">
			<height>108</height>
			<control type="image">
				<width>384</width>
				<height>108</height>
				<texture colordiffuse="$VAR[color:Main]">colorize/100.png</texture>
				<visible>Control.HasFocus(102)</visible>
			</control>
			<control type="button" id="102">
				<top>12</top>
				<label>$LOCALIZE[22020]</label>
				<onup>101</onup>
				<ondown>103</ondown>
				<onleft>7100</onleft>
				<onright>50</onright>
				<include>menu_Button</include>
				<onclick>50</onclick>
				<onclick condition="Window.IsActive(TVGuide) | Window.IsActive(RadioGuide)">NextChannelGroup</onclick>
				<onclick condition="String.IsEmpty(Window.Property(IsRadio))">ActivateWindow(TVGuide)</onclick>
				<onclick condition="!String.IsEmpty(Window.Property(IsRadio))">ActivateWindow(RadioGuide)</onclick>
			</control>
			<control type="group">
				<top>54</top>
				<left>32</left>
				<control type="label">
					<textcolor>$VAR[color:Main]</textcolor>
					<label>$VAR[menu:Guide]</label>
					<include>menu_Label</include>
					<visible>!Control.HasFocus(102)</visible>
				</control>
				<control type="label">
					<width>384</width>
					<label>$VAR[menu:Guide]</label>
					<include>menu_Label</include>
					<visible>Control.HasFocus(102)</visible>
				</control>
			</control>
		</control>
		<!--recordings-->
		<control type="group" id="7052">
			<height>108</height>
			<control type="image">
				<width>384</width>
				<height>108</height>
				<texture colordiffuse="$VAR[color:Main]">colorize/100.png</texture>
				<visible>Control.HasFocus(103)</visible>
			</control>
			<control type="button" id="103">
				<top>12</top>
				<label>$LOCALIZE[19163]</label>
				<onup>102</onup>
				<ondown>7054</ondown>
				<onleft>7100</onleft>
				<onright>50</onright>
				<include>menu_Button</include>
				<onclick>50</onclick>
				<onclick condition="String.IsEmpty(Window.Property(IsRadio))">ActivateWindow(TVRecordings)</onclick>
				<onclick condition="!String.IsEmpty(Window.Property(IsRadio))">ActivateWindow(RadioRecordings)</onclick>
			</control>
			<control type="group">
				<top>54</top>
				<left>32</left>
				<control type="label">
					<textcolor>$VAR[color:Main]</textcolor>
					<label>$INFO[Pvr.BackendDiskspace]</label>
					<include>menu_Label</include>
					<visible>!Control.HasFocus(103)</visible>
				</control>
				<control type="label">
					<width>384</width>
					<label>$INFO[Pvr.BackendDiskspace]</label>
					<include>menu_Label</include>
					<visible>Control.HasFocus(103)</visible>
				</control>
			</control>
		</control>
		<!--timers-->
		<control type="group" id="7054">
			<height>108</height>
			<control type="image">
				<width>384</width>
				<height>108</height>
				<texture colordiffuse="$VAR[color:Main]">colorize/100.png</texture>
				<visible>Control.HasFocus(105)</visible>
			</control>
			<control type="button" id="105">
				<top>12</top>
				<label>$LOCALIZE[19040]</label>
				<onup>7052</onup>
				<ondown>106</ondown>
				<onleft>7100</onleft>
				<onright>50</onright>
				<include>menu_Button</include>
				<onclick>50</onclick>
				<onclick condition="String.IsEmpty(Window.Property(IsRadio))">ActivateWindow(TVTimers)</onclick>
				<onclick condition="!String.IsEmpty(Window.Property(IsRadio))">ActivateWindow(RadioTimers)</onclick>
			</control>
			<control type="group">
				<top>54</top>
				<left>32</left>
				<control type="label">
					<textcolor>$VAR[color:Main]</textcolor>
					<label>$INFO[Pvr.BackendTimers,, $LOCALIZE[305]]</label>
					<include>menu_Label</include>
					<visible>!Control.HasFocus(105)</visible>
				</control>
				<control type="label">
					<width>384</width>
					<label>$INFO[Pvr.BackendTimers,, $LOCALIZE[305]]</label>
					<include>menu_Label</include>
					<visible>Control.HasFocus(105)</visible>
				</control>
			</control>
		</control>
		<!--search-->
		<control type="group" id="7055">
			<height>108</height>
			<control type="image">
				<width>384</width>
				<height>108</height>
				<texture colordiffuse="$VAR[color:Main]">colorize/100.png</texture>
				<visible>Control.HasFocus(106)</visible>
			</control>
			<control type="button" id="106">
				<top>12</top>
				<label>$LOCALIZE[137]</label>
				<onup>105</onup>
				<ondown>128</ondown>
				<onleft>7100</onleft>
				<onright>50</onright>
				<include>menu_Button</include>
				<onclick>Action(Right)</onclick>
				<onclick condition="String.IsEmpty(Window.Property(IsRadio))">ActivateWindow(TVSearch)</onclick>
				<onclick condition="!String.IsEmpty(Window.Property(IsRadio))">ActivateWindow(RadioSearch)</onclick>
			</control>
			<control type="group">
				<top>54</top>
				<left>32</left>
				<control type="label">
					<textcolor>$VAR[color:Main]</textcolor>
					<label>$LOCALIZE[31610]</label>
					<include>menu_Label</include>
					<visible>!Control.HasFocus(106)</visible>
				</control>
				<control type="label">
					<width>384</width>
					<label>$LOCALIZE[31610]</label>
					<include>menu_Label</include>
					<visible>Control.HasFocus(106)</visible>
				</control>
			</control>
		</control>
		<!-- Channel groups -->
		<control type="group" id="7056">
			<height>108</height>
			<visible>!Window.IsActive(tvrecordings) + !Window.IsActive(radiorecordings)</visible>
			<control type="image">
				<width>384</width>
				<height>108</height>
				<texture colordiffuse="$VAR[color:Main]">colorize/100.png</texture>
				<visible>Control.HasFocus(128)</visible>
			</control>
			<control type="button" id="128">
				<top>12</top>
				<onup>106</onup>
				<ondown>7002</ondown>
				<onleft>7100</onleft>
				<onright>50</onright>
				<label>$LOCALIZE[19141]</label>
				<include>menu_Button</include>
				<onclick>NextChannelGroup</onclick>
				<onclick>50</onclick>
			</control>
			<control type="group">
				<top>54</top>
				<left>32</left>
				<control type="label" id="28">
					<textcolor>$VAR[color:Main]</textcolor>
					<label></label>
					<include>menu_Label</include>
					<visible>false</visible>
				</control>
				<control type="label" id="129">
					<textcolor>$VAR[color:Main]</textcolor>
					<label>$INFO[Control.GetLabel(28)]</label>
					<include>menu_Label</include>
					<visible>!Control.HasFocus(128)</visible>
				</control>
				<control type="label" id="129">
					<width>384</width>
					<label>$INFO[Control.GetLabel(28)]</label>
					<include>menu_Label</include>
					<visible>Control.HasFocus(128)</visible>
				</control>
			</control>
		</control>

		<include content="menu_Views">
			<param name="OnUp">128</param>
			<param name="OnDown">33</param>
			<param name="Visible">String.StartsWith(Container.FolderPath,pvr://recordings/)</param>
		</include>

		<!--sort method-->
		<control type="group" id="7057">
			<height>108</height>
			<control type="image">
				<width>384</width>
				<height>108</height>
				<texture colordiffuse="$VAR[color:Main]">colorize/100.png</texture>
				<visible>Control.HasFocus(33)</visible>
			</control>
			<control type="button" id="33">
				<top>12</top>
				<label>$LOCALIZE[581]</label>
				<onup>7002</onup>
				<ondown>44</ondown>
				<onleft>7100</onleft>
				<onright>50</onright>
				<include>menu_Button</include>
				<onclick>Container.NextSortMethod</onclick>
			</control>
			<control type="group">
				<top>54</top>
				<left>32</left>
				<control type="label">
					<textcolor>$VAR[color:Main]</textcolor>
					<label>$INFO[Container.SortMethod]</label>
					<include>menu_Label</include>
					<visible>!Control.HasFocus(33)</visible>
				</control>
				<control type="label">
					<width>384</width>
					<label>$INFO[Container.SortMethod]</label>
					<include>menu_Label</include>
					<visible>Control.HasFocus(33)</visible>
				</control>
			</control>
		</control>
		<!--sort direction-->
		<control type="group" id="7058">
			<height>108</height>
			<control type="image">
				<width>384</width>
				<height>108</height>
				<texture colordiffuse="$VAR[color:Main]">colorize/100.png</texture>
				<visible>Control.HasFocus(44)</visible>
			</control>
			<control type="button" id="44">
				<top>12</top>
				<label>$LOCALIZE[580]</label>
				<onup>33</onup>
				<ondown>31</ondown>
				<onleft>7100</onleft>
				<onright>50</onright>
				<include>menu_Button</include>
				<onclick>Container.SetSortDirection</onclick>
			</control>
			<control type="group">
				<top>54</top>
				<left>32</left>
				<control type="label">
					<textcolor>$VAR[color:Main]</textcolor>
					<label>$INFO[Container.SortOrder]</label>
					<include>menu_Label</include>
					<visible>!Control.HasFocus(44)</visible>
				</control>
				<control type="label">
					<width>384</width>
					<label>$INFO[Container.SortOrder]</label>
					<include>menu_Label</include>
					<visible>Control.HasFocus(44)</visible>
				</control>
			</control>
		</control>
		<!--filter-->
		<control type="group" id="7059">
			<height>108</height>
			<visible>Window.IsActive(TVChannels) | Window.IsActive(RadioChannels)</visible>
			<visible>Container.CanFilter</visible>
			<control type="image">
				<width>384</width>
				<height>108</height>
				<texture colordiffuse="$VAR[color:Main]">colorize/100.png</texture>
				<visible>Control.HasFocus(31) + [Window.IsActive(TVChannels) | Window.IsActive(RadioChannels)]</visible>
			</control>
			<control type="radiobutton" id="31">
				<top>12</top>
				<label>$LOCALIZE[587]</label>
				<onup>44</onup>
				<ondown>101</ondown>
				<onleft>7100</onleft>
				<onright>50</onright>
				<onclick>50</onclick>
				<selected>Container.Filtered</selected>
				<include>menu_Button</include>
			</control>
			<control type="group">
				<top>54</top>
				<left>32</left>
				<control type="label">
					<textcolor>$VAR[color:Main]</textcolor>
					<label>$VAR[menu:FilterCount]</label>
					<include>menu_Label</include>
					<visible>!Control.HasFocus(31)</visible>
				</control>
				<control type="label">
					<width>384</width>
					<label>$VAR[menu:FilterCount]</label>
					<include>menu_Label</include>
					<visible>Control.HasFocus(31)</visible>
				</control>
			</control>
		</control>
	</include>

	<include name="menu_Weather">
		<!-- Location -->
		<control type="group" id="7010">
			<height>108</height>
			<control type="image">
				<width>384</width>
				<height>108</height>
				<texture colordiffuse="$VAR[color:Main]">colorize/100.png</texture>
				<visible>Control.HasFocus(66)</visible>
			</control>
			<control type="button" id="66">
				<top>12</top>
				<label>$LOCALIZE[396]</label>
				<onup>7014</onup>
				<ondown>7011</ondown>
				<onleft>7100</onleft>
				<onright>5500</onright>
				<onclick>Weather.LocationNext</onclick>
				<include>menu_Button</include>
			</control>
			<control type="group">
				<top>54</top>
				<left>32</left>
				<control type="label">
					<textcolor>$VAR[color:Main]</textcolor>
					<label>$INFO[Weather.Location]</label>
					<include>menu_Label</include>
					<visible>!Control.HasFocus(66)</visible>
				</control>
				<control type="label">
					<width>384</width>
					<label>$INFO[Weather.Location]</label>
					<include>menu_Label</include>
					<visible>Control.HasFocus(66)</visible>
				</control>
			</control>
		</control>
		<!-- Refresh -->
		<control type="group" id="7011">
			<height>108</height>
			<control type="image">
				<width>384</width>
				<height>108</height>
				<texture colordiffuse="$VAR[color:Main]">colorize/100.png</texture>
				<visible>Control.HasFocus(2)</visible>
			</control>
			<control type="button" id="2">
				<top>12</top>
				<label>$LOCALIZE[103]</label>
				<onup>7010</onup>
				<ondown>7012</ondown>
				<onleft>7100</onleft>
				<onright>5500</onright>
				<include>menu_Button</include>
			</control>
			<control type="group">
				<top>54</top>
				<left>32</left>
				<control type="label">
					<textcolor>$VAR[color:Main]</textcolor>
					<label>$INFO[Window.Property(WeatherProvider)]</label>
					<include>menu_Label</include>
					<visible>!Control.HasFocus(2)</visible>
				</control>
				<control type="label">
					<width>384</width>
					<label>$INFO[Window.Property(WeatherProvider)]</label>
					<include>menu_Label</include>
					<visible>Control.HasFocus(2)</visible>
				</control>
			</control>
		</control>
		<!-- Settings -->
		<control type="group" id="7012">
			<height>108</height>
			<control type="image">
				<width>384</width>
				<height>108</height>
				<texture colordiffuse="$VAR[color:Main]">colorize/100.png</texture>
				<visible>Control.HasFocus(4)</visible>
			</control>
			<control type="button" id="4">
				<top>12</top>
				<label>$LOCALIZE[5]</label>
				<onup>7011</onup>
				<ondown>7013</ondown>
				<onleft>7100</onleft>
				<onright>5500</onright>
				<onclick>ActivateWindow(servicesettings,weather)</onclick>
				<include>menu_Button</include>
			</control>
			<control type="group">
				<top>54</top>
				<left>32</left>
				<control type="label">
					<textcolor>$VAR[color:Main]</textcolor>
					<label>$LOCALIZE[400]</label>
					<include>menu_Label</include>
					<visible>!Control.HasFocus(4)</visible>
				</control>
				<control type="label">
					<width>384</width>
					<label>$LOCALIZE[400]</label>
					<include>menu_Label</include>
					<visible>Control.HasFocus(4)</visible>
				</control>
			</control>
		</control>
		<!-- Icons -->
		<control type="group" id="7013">
			<height>108</height>
			<control type="image">
				<width>384</width>
				<height>108</height>
				<texture colordiffuse="$VAR[color:Main]">colorize/100.png</texture>
				<visible>Control.HasFocus(90)</visible>
			</control>
			<control type="button" id="90">
				<top>12</top>
				<label>$LOCALIZE[536]</label>
				<onup>7012</onup>
				<ondown>7014</ondown>
				<onleft>7100</onleft>
				<onright>5500</onright>
				<onclick>SetFocus(5500)</onclick>
				<onclick condition="System.HasAddon(script.skin.helper.service)">RunScript(script.skin.helper.service,action=setresourceaddon,skinstring=weather.icons,addontype=resource.images.weathericons)</onclick>
				<onclick condition="!System.HasAddon(script.skin.helper.service)">InstallAddon(script.skin.helper.service)</onclick>
				<include>menu_Button</include>
			</control>
			<control type="group">
				<top>54</top>
				<left>32</left>
				<control type="label">
					<textcolor>$VAR[color:Main]</textcolor>
					<label fallback="571">$INFO[Skin.String(weather.icons.Label)]</label>
					<include>menu_Label</include>
					<visible>!Control.HasFocus(90)</visible>
				</control>
				<control type="label">
					<width>384</width>
					<label fallback="571">$INFO[Skin.String(weather.icons.Label)]</label>
					<include>menu_Label</include>
					<visible>Control.HasFocus(90)</visible>
				</control>
			</control>
		</control>
		<!-- Backgrounds -->
		<control type="group" id="7014">
			<height>108</height>
			<control type="image">
				<width>384</width>
				<height>108</height>
				<texture colordiffuse="$VAR[color:Main]">colorize/100.png</texture>
				<visible>Control.HasFocus(99)</visible>
			</control>
			<control type="button" id="99">
				<top>12</top>
				<label>$LOCALIZE[33069]</label>
				<onup>7013</onup>
				<ondown>7010</ondown>
				<onleft>7100</onleft>
				<onright>5500</onright>
				<onclick>SetFocus(5500)</onclick>
				<onclick condition="System.HasAddon(script.skin.helper.service)">RunScript(script.skin.helper.service,action=setresourceaddon,skinstring=weather.background,addontype=resource.images.weatherfanart)</onclick>
				<onclick condition="!System.HasAddon(script.skin.helper.service)">InstallAddon(script.skin.helper.service)</onclick>
				<include>menu_Button</include>
			</control>
			<control type="group">
				<top>54</top>
				<left>32</left>
				<control type="label">
					<textcolor>$VAR[color:Main]</textcolor>
					<label fallback="31063">$INFO[Skin.String(weather.background.Label)]</label>
					<include>menu_Label</include>
					<visible>!Control.HasFocus(99)</visible>
				</control>
				<control type="label">
					<width>384</width>
					<label fallback="31063">$INFO[Skin.String(weather.background.Label)]</label>
					<include>menu_Label</include>
					<visible>Control.HasFocus(99)</visible>
				</control>
			</control>
		</control>
	</include>


	<include name="menu_Other">
		<!-- TV Show Next Aired -->
		<control type="group" id="7010">
			<height>108</height>
			<visible>Window.IsActive(script-NextAired-TVGuide.xml) | Window.IsActive(script-NextAired-TVGuide2.xml)</visible>
			<control type="image">
				<width>384</width>
				<height>108</height>
				<texture colordiffuse="$VAR[color:Main]">colorize/100.png</texture>
				<visible>Control.HasFocus(60)</visible>
			</control>
			<control type="button" id="60">
				<top>12</top>
				<label>$LOCALIZE[5]</label>
				<onup>7014</onup>
				<ondown>7014</ondown>
				<onleft>7100</onleft>
				<onright>5500</onright>
				<onclick>Addon.OpenSettings(script.tv.show.next.aired)</onclick>
				<include>menu_Button</include>
			</control>
			<control type="group">
				<top>54</top>
				<left>32</left>
				<control type="label">
					<textcolor>$VAR[color:Main]</textcolor>
					<label>TV Show - Next Aired</label>
					<include>menu_Label</include>
					<visible>!Control.HasFocus(60)</visible>
				</control>
				<control type="label">
					<width>384</width>
					<label>TV Show - Next Aired</label>
					<include>menu_Label</include>
					<visible>Control.HasFocus(60)</visible>
				</control>
			</control>
		</control>

		<control type="group" id="7014">
			<height>108</height>
			<visible>Window.IsActive(script-NextAired-TVGuide.xml) | Window.IsActive(script-NextAired-TVGuide2.xml)</visible>
			<control type="image">
				<width>384</width>
				<height>108</height>
				<texture colordiffuse="$VAR[color:Main]">colorize/100.png</texture>
				<visible>Control.HasFocus(61)</visible>
			</control>
			<control type="button" id="61">
				<top>12</top>
				<label>$LOCALIZE[20343]</label>
				<onup>7010</onup>
				<ondown>7090</ondown>
				<onleft>7100</onleft>
				<onright>5500</onright>
				<onclick>ActivateWindow(Videos,videodb://tvshows/titles/,return)</onclick>
				<include>menu_Button</include>
			</control>
			<control type="group">
				<top>54</top>
				<left>32</left>
				<control type="label">
					<textcolor>$VAR[color:Main]</textcolor>
					<label>$LOCALIZE[14022]</label>
					<include>menu_Label</include>
					<visible>!Control.HasFocus(61)</visible>
				</control>
				<control type="label">
					<width>384</width>
					<label>$LOCALIZE[14022]</label>
					<include>menu_Label</include>
					<visible>Control.HasFocus(61)</visible>
				</control>
			</control>
		</control>

		<include>menu_Extras</include>
		
	</include>


	<include name="menu_Demo">
		<control type="group" id="7014">
			<height>108</height>
			<control type="image">
				<width>384</width>
				<height>108</height>
				<texture colordiffuse="$VAR[color:Main]">colorize/100.png</texture>
				<visible>Control.HasFocus(60)</visible>
			</control>
			<control type="button" id="60">
				<top>12</top>
				<label>$LOCALIZE[31087]</label>
				<onup>7014</onup>
				<ondown>7014</ondown>
				<onleft>7100</onleft>
				<onright>5500</onright>
				<onclick>Addon.OpenSettings(script.tv.show.next.aired)</onclick>
				<include>menu_Button</include>
			</control>
			<control type="group">
				<top>54</top>
				<left>32</left>
				<control type="label">
					<textcolor>$VAR[color:Main]</textcolor>
					<label>press right</label>
					<include>menu_Label</include>
					<visible>!Control.HasFocus(60)</visible>
				</control>
				<control type="label">
					<width>384</width>
					<label>press right</label>
					<include>menu_Label</include>
					<visible>Control.HasFocus(60)</visible>
				</control>
			</control>
		</control>

	</include>

	<include name="menu_Hub">

		<!-- Browse library -->
		<control type="group" id="7013">
			<height>108</height>
			<control type="image">
				<width>384</width>
				<height>108</height>
				<texture colordiffuse="$VAR[color:Main]">colorize/100.png</texture>
				<visible>Control.HasFocus(5)</visible>
			</control>
			<control type="button" id="5">
				<top>12</top>
				<label>$LOCALIZE[1024]</label>
				<onup>7015</onup>
				<ondown>7014</ondown>
				<onleft>7100</onleft>
				<onright>5500</onright>
				<include>menu_Button</include>
				<onclick>$VAR[menu:Browse]</onclick>
			</control>
			<control type="group">
				<top>54</top>
				<left>32</left>
				<control type="label">
					<textcolor>$VAR[color:Main]</textcolor>
					<label>$VAR[menu:Browse.Label]</label>
					<include>menu_Label</include>
					<visible>!Control.HasFocus(5)</visible>
				</control>
				<control type="label">
					<width>384</width>
					<label>$VAR[menu:Browse.Label]</label>
					<include>menu_Label</include>
					<visible>Control.HasFocus(5)</visible>
				</control>
			</control>
		</control>
		
		<!-- Search -->
		<control type="group" id="7014">
			<height>108</height>
			<control type="image">
				<width>384</width>
				<height>108</height>
				<texture colordiffuse="$VAR[color:Main]">colorize/100.png</texture>
				<visible>Control.HasFocus(8)</visible>
			</control>
			<control type="button" id="8">
				<top>12</top>
				<label>$LOCALIZE[137]</label>
				<onup>7013</onup>
				<ondown>7090</ondown>
				<onleft>7100</onleft>
				<onright>5500</onright>
				<include>menu_Button</include>
				<onclick>SetProperty(SearchQuery,true,virtualkeyboard)</onclick>
				<onclick>Right</onclick>
			</control>
			<control type="group">
				<top>54</top>
				<left>32</left>
				<control type="label">
					<textcolor>$VAR[color:Main]</textcolor>
					<label>$VAR[menu:Search]</label>
					<include>menu_Label</include>
					<visible>!Control.HasFocus(8)</visible>
				</control>
				<control type="label">
					<width>384</width>
					<label>$VAR[menu:Search]</label>
					<include>menu_Label</include>
					<visible>Control.HasFocus(8)</visible>
				</control>
			</control>
		</control>

		<include content="menu_Extras">
			<param name="OnRight">5000</param>
		</include>

		<!-- Select sources -->
		<control type="group" id="7015">
			<height>108</height>
			<control type="image">
				<width>384</width>
				<height>108</height>
				<texture colordiffuse="$VAR[color:Main]">colorize/100.png</texture>
				<visible>Control.HasFocus(9)</visible>
			</control>
			<control type="button" id="9">
				<top>12</top>
				<label>$LOCALIZE[31312]</label>
				<onup>7090</onup>
				<ondown>7013</ondown>
				<onleft>7100</onleft>
				<onright>5500</onright>
				<include>menu_Button</include>
				<onclick>$VAR[menu:HubSources]</onclick>
			</control>
			<control type="group">
				<top>54</top>
				<left>32</left>
				<control type="label">
					<textcolor>$VAR[color:Main]</textcolor>
					<label>$LOCALIZE[31382]</label>
					<include>menu_Label</include>
					<visible>!Control.HasFocus(9)</visible>
				</control>
				<control type="label">
					<width>384</width>
					<label>$LOCALIZE[31382]</label>
					<include>menu_Label</include>
					<visible>Control.HasFocus(9)</visible>
				</control>
			</control>
		</control>

	</include>


</includes>