<includes>

	<include name="home_Vertical">
		<include content="background_Home">
			<param name="GridTexture">overlays/home.png</param>
			<param name="DiffuseColor">$VAR[home:FX.ColorVertDiffuse]</param>
			<param name="DiffuseTexture">diffuse/home.png</param>
			<param name="id" condition="Skin.HasSetting(fx.home.color)">7977</param>
		</include>

		<!-- Scroll indicators -->
		<control type="label">
			<width>128</width>
			<height>98</height>
			<font>Symbols-32</font>
			<label>&#58919;</label>
			<align>center</align>
			<aligny>center</aligny>
			<textcolor>$VAR[color:Text.3]</textcolor>
			<include>fadeinout</include>
			<visible>Container(9000).HasPrevious + Integer.IsGreater(Container(9000).NumItems,8) + !Player.Muted</visible>
		</control>
		<control type="label">
			<bottom>0</bottom>
			<width>128</width>
			<height>98</height>
			<font>Symbols-32</font>
			<label>&#58922;</label>
			<align>center</align>
			<aligny>center</aligny>
			<textcolor>$VAR[color:Text.3]</textcolor>
			<include>fadeinout</include>
			<visible>Container(9000).HasNext + Integer.IsGreater(Container(9000).NumItems,8)</visible>
		</control>

		<!-- Volume slider -->
		<include content="global_Progress">
			<param name="ID">29999</param>
			<param name="Info">Player.Volume</param>
			<param name="ProgressHeight">98</param>
			<param name="Visible">Window.IsActive(volumebar) + Integer.IsGreater(Player.Volume,0)</param>
		</include>

		<include>home_Menu-vertical</include>

		<include content="global_WindowChrome">
			<param name="Height">98</param>
			<param name="Title">$VAR[window:Title.Home]</param>
			<param name="ProgressHeight">98</param>
		</include>
		<include>home_Logos</include>
		<include content="home_Widgets">
			<param name="Left">screen_Width</param>
			<param name="OnLeft">9000</param>
		</include>		
	</include>

	<include name="home_Horizontal">
		<definition>
			<control type="group">
				<top>0</top>
	
				<include>transition_Background</include>

				<!-- Background_Slideshow-->
				<control type="multiimage">
					<imagepath background="true">$VAR[background:Home]</imagepath>
					<visible>![Player.HasAudio + Skin.HasSetting(home.nowplaying)] + [!Skin.HasSetting(home.fx.home.image) | Skin.HasSetting(fx.home.color)]</visible>
				</control>
				<control type="multiimage" id="7975">
					<imagepath background="true">$VAR[background:Home]</imagepath>
					<visible>![Player.HasAudio + Skin.HasSetting(home.nowplaying)] + Skin.HasSetting(home.fx.home.image)</visible>
				</control>
				<control type="multiimage" id="7977">
					<imagepath background="true">$VAR[background:Home]</imagepath>
					<visible>![Player.HasAudio + Skin.HasSetting(home.nowplaying)] + !Skin.HasSetting(home.fx.home.image) + Skin.HasSetting(fx.home.color)</visible>
				</control>

				<!-- Full blur overlay -->
				<control type="image">
					<bottom>0</bottom>
					<width>screen_Width</width>
					<height>screen_Height</height>
					<aspectratio aligny="bottom">scale</aspectratio>
					<texture colordiffuse="$VAR[home:FX.Color1]" diffuse="$VAR[home:FX.Diffuse]">$VAR[home:FX.Texture]</texture>
					<include>fadeinout</include>
					<include>transition_HomeAlt</include>
					<visible>String.IsEqual(Window(Home).Property(BlurIsActive),true) | String.IsEqual(Window(Home).Property(HomeFocusedItem),widgets)</visible>
				</control>

				<!-- Logos -->
				<include content="home_Logos">
					<param name="Bottom">226</param>
				</include>

				<!-- Background video -->
				<include>background_Video</include>

				<!-- Now playing -->
				<include>background_Player</include>

				<!-- Menu area background gradient (blur) -->
				<control type="image">
					<bottom>0</bottom>
					<width>screen_Width</width>
					<height>172</height>
					<aspectratio aligny="bottom">scale</aspectratio>
					<texture colordiffuse="$VAR[home:FX.Color1]" diffuse="$VAR[home:FX.Diffuse]">$VAR[home:FX.Texture]</texture>
					<fadetime>fadetime_Slideshow</fadetime>
					<animation effect="fade" start="100" end="0" time="400" reversible="true" tween="Quadratic" easing="Out">Hidden</animation>
					<visible>!String.IsEqual(Window(Home).Property(BlurIsActive),true)</visible>
				</control>

				<!-- Volume slider -->
				<include content="global_Progress">
					<param name="ID">29999</param>
					<param name="Info">Player.Volume</param>
					<param name="ProgressHeight">108</param>
					<param name="Visible">Window.IsActive(volumebar) + Integer.IsGreater(Player.Volume,0)</param>
				</include>
		
				<!-- Horizontal home window chrome -->
				<include content="global_WindowChrome">
					<param name="Height">108</param>
					<param name="Title">$VAR[window:Title.Home]</param>
					<param name="ProgressHeight">108</param>
				</include>

				<!-- Feed container-->
				<include content="home_Widgets">
					<param name="Left">0</param>
					<param name="OnLeft">noop</param>
					<param name="OnRight">noop</param>
					<param name="OnUp">SetFocus(9050)</param>
				</include>

			</control>
		</definition>
	</include>

	<include name="home_Compact">
		<include content="background_Global">
			<param name="GridTexture">overlays/108.png</param>
		</include>

		<include content="home_Menu-compact" condition="Skin.HasSetting(home.clock)">
			<param name="Top">108</param>
			<param name="Height">972</param>
		</include>

		<include content="home_Menu-compact" condition="!Skin.HasSetting(home.clock)">
			<param name="Top">0</param>
			<param name="Height">1080</param>
		</include>

		<include content="home_Widgets">
			<param name="Left">128</param>
			<param name="OnLeft">9000</param>
		</include>
		<include content="global_WindowChrome">
			<param name="TimeLeft">0</param>
			<param name="ProgressTop">10</param>
			<param name="ProgressLeft">138</param>
			<param name="ProgressHeight">98</param>
			<param name="ProgressWidth">1772</param>
		</include>
	</include>

	<include name="home_Logos">
		<param name="Right" default="64"/>
		<param name="Bottom" default="90"/>
		<definition>
			<control type="image">
				<right>$PARAM[Right]</right>
				<bottom>$PARAM[Bottom]</bottom>
				<width>330</width>
				<height>128</height>
				<texture>$VAR[home:SlideShowLogo]</texture>
				<aspectratio>keep</aspectratio>
				<fadetime>300</fadetime>
				<include>transition_Background</include>
				<visible>![Player.HasAudio + Skin.HasSetting(home.nowplaying)]</visible>
				<visible>Skin.HasSetting(home.logo) + String.StartsWith(Skin.String(background.home),fanart-)</visible>
			</control>
		</definition>
	</include>

	<include name="home_Status">
		<param name="Left" default="128"/>
		<param name="Width" default="1792"/>
		<definition>
			<control type="group">
				<left>$PARAM[Left]</left>
				<include>fadeinout</include>
				<visible>!ControlGroup(9100).HasFocus()</visible>
				<control type="label">
					<bottom>0</bottom>
					<width>$PARAM[Width]</width>
					<height>100</height>
					<font>Regular-20</font>
					<label>$VAR[home:Status]</label>
					<align>center</align>
					<aligny>center</aligny>
					<textcolor>$VAR[color:Accent]</textcolor>
					<shadowcolor>black</shadowcolor>
					<include>fadeinout</include>
				</control>
				<control type="rss">
					<bottom>0</bottom>
					<width>$PARAM[Width]</width>
					<height>64</height>
					<font>Regular-20</font>
					<urlset>1</urlset>
					<textcolor>$VAR[color:Accent]</textcolor>
					<titlecolor>$VAR[color:Text.2]</titlecolor>
					<headlinecolor>$VAR[color:Accent]</headlinecolor>
					<include>fadeinout</include>
					<visible>String.IsEqual(Skin.String(home.status),rss)</visible>
				</control>
				<!-- Feed Indicator -->
				<control type="group">
					<bottom>0</bottom>
					<right>0</right>
					<width>128</width>
					<height>98</height>
					<include>fadeinout</include>
					<visible>String.IsEqual(Skin.String(home.status),feed)</visible>
					<control type="image">
						<bottom>0</bottom>
						<right>0</right>
						<width>128</width>
						<height>98</height>
						<texture colordiffuse="ff000000">colorize/10.png</texture>
						<visible>Window.IsActive(home)</visible>
					</control>
					<control type="label">
						<right>0</right>
						<width>128</width>
						<height>98</height>
						<label>&#58920;</label>
						<font>Symbols-32</font>
						<align>center</align>
						<aligny>center</aligny>
						<textcolor>$VAR[color:Accent]</textcolor>
						<shadowcolor>black</shadowcolor>
					</control>
				</control>
			</control>
		</definition>
	</include>

	<include name="home_Widgets">
		<definition>
			<param name="Left" default="0"/>
			<param name="OnLeft" default="noop"/>
			<param name="OnRight" default="noop"/>
			<param name="OnUp" default="noop"/>
			<param name="OnDown" default="noop"/>
			<control type="image">
				<left>128</left>
				<width>1792</width>
				<include>screen_Height</include>
				<texture colordiffuse="ff000000">colorize/100.png</texture>
				<aspectratio>stretch</aspectratio>
				<visible>String.IsEqual(Skin.String(homemenu.layout),compact)</visible>
			</control>
			<control type="grouplist" id="9100">
				<left>$PARAM[Left]</left>
				<itemgap>0</itemgap>
				<orientation>vertical</orientation>
				<width>screen_Width</width>
				<height>1080</height>
				<onfocus>SetProperty(HomeFocusedItem,feed,Home)</onfocus>
				<onup condition="!String.IsEqual(Skin.String(homemenu.layout),horizontal)">noop</onup>
				<onup condition="String.IsEqual(Skin.String(homemenu.layout),horizontal)">noop</onup>
				<ondown>noop</ondown>
				<onleft>$PARAM[OnLeft]</onleft>
				<onright>$PARAM[OnRight]</onright>

				<!-- Slide in feed for vertical menu -->
				<animation type="Conditional" condition="ControlGroup(9100).HasFocus() + String.IsEqual(Skin.String(homemenu.layout),vertical)">
					<effect type="slide" time="500" start="0"  end="-1920" tween="cubic" easing="InOut" center="auto" />
					<effect type="Fade" time="500" start="0" end="100" tween="cubic" easing="InOut"/>
				</animation>

				<include>global_Scrolltime</include>
				
				<!-- Insert horizontal menu, set focus position -->
				<include content="home_Menu-Horizontal" condition="String.IsEqual(Skin.String(homemenu.layout),horizontal) + Skin.HasSetting(homemenu.condensed)">
					<param name="FocusPosition">2</param>
				</include>
				<include content="home_Menu-Horizontal" condition="String.IsEqual(Skin.String(homemenu.layout),horizontal) + !Skin.HasSetting(homemenu.condensed)">
					<param name="FocusPosition">1</param>
				</include>

				<!-- Insert the widgets -->
				<include condition="String.IsEqual(Skin.String(homemenu.layout),vertical)">skinshortcuts-template-widget_Vertical</include>
				<include condition="String.IsEqual(Skin.String(homemenu.layout),horizontal)">skinshortcuts-template-widget_Horizontal</include>
				<include condition="String.IsEqual(Skin.String(homemenu.layout),compact)">skinshortcuts-template-widget_Compact</include>
				<animation type="Conditional" condition="ControlGroup(9100).HasFocus() + String.IsEqual(Skin.String(homemenu.layout),vertical)">
					<effect type="slide" time="500" start="0"  end="-screen_Width" tween="cubic" easing="InOut" center="auto" />
					<effect type="Fade" time="500" start="0" end="100" tween="cubic" easing="InOut"/>
				</animation>
			</control>
		</definition>
	</include>

	<include name="widget_Header">
		<param name="Visible"/>
		<param name="HasItems"/>
		<param name="ID"/>
		<param name="Height"/>
		<definition>
			<control type="group" id="$PARAM[HeaderID]">
				<width>screen_Width</width>
				<height>$PARAM[Height]</height>
				<visible>Skin.HasSetting(widget.name)</visible>
				<control type="image">
					<width>1000%</width>
					<height>100%</height>
					<texture colordiffuse="$VAR[home:FX.Color1]">colorize/90.png</texture>
					<aspectratio>stretch</aspectratio>
					<visible>!String.IsEqual(Skin.String(homemenu.layout),compact)</visible>
				</control>
				<control type="grouplist" id="1$PARAM[HeaderID]">
					<width>screen_Width</width>
					<height>54</height>
					<orientation>horizontal</orientation>
					<visible>$PARAM[Visible]</visible>
					<visible>$PARAM[HasItems]</visible>
					<visible>Skin.HasSetting(widget.name)</visible>
					<control type="label" id="$PARAM[HeaderLabel]">
						<width>64</width>
						<label>&#58979;</label>
						<align>center</align>
						<font>Symbols-22</font>
						<height>54</height>
						<textcolor>$VAR[color:Accent]</textcolor>
					</control>
					<control type="label" id="$PARAM[HeaderLabel]">
						<width>auto</width>
						<label>$PARAM[WidgetHeader]</label>
						<font>Regular-20</font>
						<height>54</height>
						<textcolor>$VAR[color:Accent]</textcolor>
						<visible>!Control.HasFocus($PARAM[HeaderID])</visible>
					</control>
					<control type="label" id="$PARAM[HeaderLabel2]">
						<width>auto</width>
						<label>$PARAM[WidgetHeader2]</label>
						<font>Regular-20</font>
						<height>54</height>
						<textcolor>$VAR[color:Accent]</textcolor>
						<include>fadeinout</include>
						<visible>Control.HasFocus($PARAM[ID])</visible>
					</control>
				</control>
			</control>
		</definition>
	</include>

	<!-- Widget base layout -->
	<include name="widget_Layout">
		<param name="BigInfoFont" default="Black-54"/>
		<param name="BigInfoFont2" default="Black-26"/>
		<definition>
			<itemlayout width="$PARAM[ItemWidth]" height="$PARAM[Height]">
				<control type="image">
					<width>$PARAM[ItemWidth]</width>
					<height>$PARAM[Height]</height>
					<texture colordiffuse="$VAR[home:FX.Color1]">colorize/90.png</texture>
					<aspectratio>stretch</aspectratio>
					<visible>!String.IsEqual(Skin.String(homemenu.layout),compact)</visible>
				</control>
				<control type="image">
					<width>$PARAM[ItemWidth]</width>
					<height>$PARAM[Height]</height>
					<texture>$PARAM[Art]</texture>
					<aspectratio align="center" aligny="center">scale</aspectratio>
					<bordersize>10</bordersize>
				</control>
				<control type="image">
					<width>$PARAM[ItemWidth]</width>
					<height>$PARAM[Height]</height>
					<texture colordiffuse="ff000000">views/overlay/landscape-fo.png</texture>
					<bordersize>10</bordersize>
					<visible>$PARAM[Overlay]</visible>
				</control>

				<!-- Info -->
				<control type="group">
					<left>32</left>
					<width>$PARAM[ItemWidth]</width>
					<height>$PARAM[Height]</height>
					<visible>$PARAM[Info]</visible>
					<control type="label">
						<bottom>48</bottom>
						<label>$VAR[widget:Label]</label>
						<width>$PARAM[TextWidth]</width>
						<height>28</height>
						<font>Black-24</font>
						<aligny>center</aligny>
						<textcolor>$VAR[color:Accent]</textcolor>
					</control>
					<control type="label">
						<bottom>24</bottom>
						<height>24</height>
						<width>$PARAM[TextWidth]</width>
						<label>$VAR[widget:Label2]</label>
						<font>Regular-20</font>
						<aligny>center</aligny>
						<textcolor>$VAR[color:Text.2]</textcolor>
					</control>
				</control>

				<!-- Short info -->
				<control type="group">
					<bottom>10</bottom>
					<width>$PARAM[ItemWidth]</width>
					<height>$PARAM[Height]</height>
					<visible>$PARAM[ShortInfo]</visible>
					<control type="image">
						<top>20</top>
						<right>10</right>
						<width>80</width>
						<height>54</height>
						<texture colordiffuse="$VAR[color:Text.2]">colorize/90.png</texture>
						<aspectratio>stretch</aspectratio>
					</control>
					<control type="label" id="66">
						<top>20</top>
						<right>10</right>
						<width>80</width>
						<height>54</height>
						<align>center</align>
						<aligny>center</aligny>
						<label>$VAR[widget:ShortLabel]</label>
						<textcolor>$VAR[color:Accent]</textcolor>
						<selectedcolor>$VAR[color:Accent]</selectedcolor>
						<font>Regular-18</font>
					</control>
				</control>

				<!-- Logo -->
				<control type="image">
					<bottom>32</bottom>
					<width>100%</width>
					<height>30%</height>
					<texture>$VAR[art:Logo]</texture>
					<aspectratio align="center" aligny="bottom">keep</aspectratio>
					<visible>$PARAM[Logo]</visible>
				</control>
			</itemlayout>
			<focusedlayout width="$PARAM[ItemWidth]" height="$PARAM[Height]">
				<control type="group">
					<visible>!Control.HasFocus($PARAM[ID])</visible>
					<control type="image">
						<width>$PARAM[ItemWidth]</width>
						<height>$PARAM[Height]</height>
						<texture colordiffuse="$VAR[home:FX.Color1]">colorize/90.png</texture>
						<aspectratio>stretch</aspectratio>
						<visible>!String.IsEqual(Skin.String(homemenu.layout),compact)</visible>
					</control>
					<control type="image">
						<width>$PARAM[ItemWidth]</width>
						<height>$PARAM[Height]</height>
						<texture>$PARAM[Art]</texture>
						<aspectratio align="center" aligny="center">scale</aspectratio>
						<bordersize>10</bordersize>
					</control>
					<control type="image">
						<width>$PARAM[ItemWidth]</width>
						<height>$PARAM[Height]</height>
						<texture colordiffuse="ff000000">views/overlay/landscape-fo.png</texture>
						<bordersize>10</bordersize>
						<visible>$PARAM[Overlay]</visible>
					</control>
				</control>
				<control type="group">
					<visible>Control.HasFocus($PARAM[ID])</visible>
					<control type="image">
						<width>$PARAM[ItemWidth]</width>
						<height>$PARAM[Height]</height>
						<texture>$PARAM[Art]</texture>
						<aspectratio align="center" aligny="center">scale</aspectratio>
						<bordertexture>colorize/100.png</bordertexture>
						<bordersize>10</bordersize>
					</control>
					<control type="image">
						<width>$PARAM[ItemWidth]</width>
						<height>$PARAM[Height]</height>
						<texture colordiffuse="ff000000">views/overlay/landscape-fo.png</texture>
						<bordersize>10</bordersize>
						<visible>$PARAM[Overlay]</visible>
					</control>
				</control>

				<!-- Short info -->
				<control type="group">
					<bottom>10</bottom>
					<width>$PARAM[ItemWidth]</width>
					<height>$PARAM[Height]</height>
					<visible>$PARAM[ShortInfo]</visible>
					<control type="image">
						<top>20</top>
						<right>10</right>
						<width>80</width>
						<height>54</height>
						<texture colordiffuse="$VAR[color:Text.2]">colorize/90.png</texture>
						<aspectratio>stretch</aspectratio>
					</control>
					<control type="label" id="66">
						<top>20</top>
						<right>10</right>
						<width>80</width>
						<height>54</height>
						<align>center</align>
						<aligny>center</aligny>
						<label>$VAR[widget:ShortLabel]</label>
						<textcolor>$VAR[color:Accent]</textcolor>
						<selectedcolor>$VAR[color:Accent]</selectedcolor>
						<font>Regular-18</font>
					</control>
				</control>

				<!--  Logo -->
				<control type="image">
					<bottom>32</bottom>
					<width>100%</width>
					<height>30%</height>
					<texture>$VAR[art:Logo]</texture>
					<aspectratio align="center" aligny="bottom">keep</aspectratio>
					<visible>$PARAM[Logo]</visible>
				</control>

				<!-- Info -->
				<control type="group">
					<left>32</left>
					<width>$PARAM[ItemWidth]</width>
					<height>$PARAM[Height]</height>
					<visible>$PARAM[Info]</visible>
					<control type="label">
						<bottom>48</bottom>
						<label>$VAR[widget:Label]</label>
						<width>$PARAM[TextWidth]</width>
						<height>28</height>
						<font>Black-24</font>
						<aligny>center</aligny>
						<textcolor>$VAR[color:Accent]</textcolor>
					</control>
					<control type="label">
						<bottom>24</bottom>
						<height>24</height>
						<width>$PARAM[TextWidth]</width>
						<label>$VAR[widget:Label2]</label>
						<font>Regular-20</font>
						<aligny>center</aligny>
						<textcolor>$VAR[color:Text.2]</textcolor>
					</control>
				</control>

				<!-- Big Info -->
				<control type="group">
					<left>64</left>
					<width>$PARAM[ItemWidth]</width>
					<height>$PARAM[Height]</height>
					<visible>$PARAM[BigInfo]</visible>
					<control type="label">
						<bottom>220</bottom>
						<label>$VAR[widget:Label]</label>
						<width>$PARAM[TextWidth]</width>
						<height>28</height>
						<font>$PARAM[BigInfoFont]</font>
						<aligny>center</aligny>
						<textcolor>$VAR[color:Accent]</textcolor>
						<animation effect="fade" end="40" time="200">Unfocus</animation>
					</control>
					<control type="label">
						<bottom>180</bottom>
						<height>24</height>
						<width>$PARAM[TextWidth]</width>
						<label>$VAR[widget:Label2]</label>
						<font>$PARAM[BigInfoFont2]</font>
						<aligny>center</aligny>
						<textcolor>$VAR[color:Text.2]</textcolor>
						<animation effect="fade" end="40" time="200">Unfocus</animation>
					</control>
					<control type="textbox">
						<bottom>50</bottom>
						<width>90%</width>
						<height>115</height>
						<label>$INFO[ListItem.Plot]</label>
						<font>Slab-24</font>
						<textcolor>$VAR[color:Accent]</textcolor>
						<animation effect="fade" end="40" time="200">Unfocus</animation>
						<visible>$PARAM[BigInfo]</visible>
					</control>
				</control>
			</focusedlayout>
		</definition>
	</include>
</includes>