<?xml version="1.0" encoding="UTF-8"?>
<window>
	<defaultcontrol always="true">50</defaultcontrol>
	<menucontrol>7000</menucontrol>
	<views>50,501,51,52,521,53,54,55,56,57</views>

	<controls>
		<!--background-->

		<control type="group">
			<visible>!Control.IsVisible(53)</visible>
			<include content="background_Global">
				<param name="GridTexture">$VAR[window:Grid]</param>
			</include>
		</control>

		<!--content-->
		<control type="group">
			<include>toggle_Menu</include>
			<include>transition_Content</include>

			<!-- Gallery -->
			<control type="group">
				<visible>Control.IsVisible(53)</visible>
				<include>view_Gallery</include>
				<include>info_Gallery</include>
				<include>transition_ViewChange</include>
			</control>

			<!--chrome-->
			<control type="group">
				<include>transition_Chrome</include>
				<include content="global_WindowChrome">
					<param name="Title">$VAR[window:Title.Media]</param>
				</include>
				<visible>!Window.IsActive(movieinformation)</visible>
			</control>

			<!--list-->
			<control type="group">
				<include>transition_ViewChange</include>
				<include content="view_List">
					<!--<param name="Visible" value="!Container.Content(seasons)"/>-->
					<param name="ViewLayout">$LOCALIZE[535] - $LOCALIZE[31202]</param>
				</include>
			</control>

			<control type="group">
				<include>transition_ViewChange</include>
				<include content="view_List">
					<param name="ID">501</param>
					<param name="ViewLayout">$LOCALIZE[535] - $LOCALIZE[31201]</param>
					<param name="Visible" value="Container.Content(movies) | Container.Content(tvshows) | Container.Content(seasons) | Container.Content(musicvideos) | Container.Content(files)"/>
				</include>
			</control>

			<!-- List view landscape -->
			<control type="group">
				<visible>Control.IsVisible(50)</visible>
				<control type="group">

					<!--square, fixed-->
					<include content="info_List">
						<param name="Visible">$EXP[Art.IsSquare]</param>
					</include>

					<!--square, keep-->
					<include content="info_List">
						<param name="ArtWidth">756</param>
						<param name="AspectRatio">keep</param>
						<param name="AspectRatioAlign">center</param>
						<param name="AspectRatioAlignY">top</param>
						<param name="Fallback">$VAR[art:Fallback]</param>
						<param name="ShowDescription">true</param>
						<param name="Width">756</param>
						<param name="Visible">$EXP[Content.HasLandscape]</param>
					</include>

				</control>
			</control>

			<!-- List view portrait -->
			<control type="group">
				<visible>Control.IsVisible(501)</visible>

				<!--portrait-->
				<include content="info_List">
					<param name="Art">$VAR[art:Portrait]</param>
					<param name="ArtHeight">972</param>
					<param name="Aspect">scale</param>
					<param name="AspectRatioAlignY">center</param>
					<param name="Fallback">$VAR[art:Fallback.Portrait]</param>
					<param name="OnDown">501</param>
					<param name="OnUp">501</param>
					<param name="ShowDescription">false</param>
					<param name="ShowInfo">false</param>
					<param name="ShowLogo">false</param>
					<param name="Visible">true</param>
					<param name="Width">648</param>
				</include>

			</control>

			<!-- Big List -->
			<control type="group">
				<visible>Control.IsVisible(51)</visible>
				<include>transition_ViewChange</include>
				<include content="view_BigList">
					<param name="Visible" value="!Container.Content(addons)"/>
				</include>
			</control>

			<!-- Slide -->
			<control type="group">
				<visible>Control.IsVisible(52)</visible>
				<include>transition_ViewChange</include>
				<include content="view_Slide">
					<param name="ViewTypeLabel" value="$LOCALIZE[31200]"/>
				</include>
			</control>
			<control type="group">
				<visible>Control.IsVisible(521)</visible>
				<include>transition_ViewChange</include>
				<include content="view_SlideThumb">
					<param name="ViewTypeLabel">$LOCALIZE[31200]</param>
					<param name="Art">$VAR[art:Landscape]</param>
				</include>
			</control>

			<!-- Posters -->
			<control type="group">
				<visible>Control.IsVisible(54)</visible>
				<include>transition_ViewChange</include>
				<include content="view_Thumbnails" condition="!Container.Content(addons)">
					<param name="ID">54</param>
					<param name="ViewTypeLabel">$LOCALIZE[31200]</param>
					<param name="Art">$VAR[art:Portrait]</param>
					<param name="ArtHeight">400</param>
					<param name="ArtWidth">277.3</param>
					<param name="Fallback">$VAR[art:Fallback.Portrait]</param>
					<param name="Frame">views/frame/p_fo.png</param>
					<param name="Height">972</param>
					<param name="ItemHeight">400</param>
					<param name="ItemWidth">277.3</param>
					<param name="Label2">$VAR[media:Info]</param>
					<param name="ShowFallback">ListItem.IsParentFolder | String.StartsWith(ListItem.Art(thumb),Default) | String.IsEmpty(ListItem.Art(poster))</param>
					<param name="ShowInfo">Container.Content(seasons) | String.StartsWith(ListItem.Art(thumb),Default)</param>
					<param name="ShowLogo">false</param>
					<param name="ShowOverlay">Container.Content(seasons)</param>
					<param name="TextWidth">229</param>
					<param name="Width">1664</param>
					<param name="Visible">Container.Content(movies) | Container.Content(tvshows) | Container.Content(seasons)</param>
				</include>
			</control>

			<!-- Landscape -->
			<control type="group">
				<visible>Control.IsVisible(55)</visible>
				<include>transition_ViewChange</include>
				<include content="view_Thumbnails" condition="!Container.Content(addons)">
					<param name="ID">55</param>
					<param name="AspectRatioAlignY">center</param>
					<param name="Fallback">views/fallback/landscape.png</param>
					<param name="Label2">$VAR[media:Info]</param>
					<param name="ShowFallback">ListItem.IsParentFolder | String.StartsWith(ListItem.Art(thumb),Default) | String.IsEmpty(ListItem.Art(thumb))</param>
					<param name="ShowInfo">$EXP[Thumbview.ShowInfo]</param>
					<param name="ShowInfo">Container.Content(seasons) | String.StartsWith(ListItem.Art(thumb),Default)</param>
					<param name="ShowOverlay">$EXP[Thumbview.ShowInfo]</param>
					<!--<param name="Visible">!Container.Content(addons)</param>-->
					<param name="Visible">$EXP[Content.IsVideo]</param>
				</include>
			</control>

			<!-- Square -->
			<control type="group">
				<visible>Control.IsVisible(56) + Container.Content(addons)</visible>
				<include>transition_ViewChange</include>
				<include content="view_Thumbnails">
					<param name="ID">56</param>
					<param name="Art">$VAR[art:Square]</param>
					<param name="ArtHeight">332.8</param>
					<param name="ArtWidth">332.8</param>
					<param name="Fallback">views/fallback/square.png</param>
					<param name="ItemHeight">384</param>
					<param name="ItemWidth">332.8</param>
					<param name="ShowFallback">ListItem.IsParentFolder | String.IsEmpty(ListItem.Art(icon))</param>
					<param name="ShowIconLabel">true</param>
					<param name="ShowInfo">false</param>
					<param name="ShowOverlay">!String.IsEmpty(ListItem.Art(icon))</param>
					<param name="TextWidth">284.8</param>
					<param name="ViewTypeLabel">$LOCALIZE[536]</param>
					<param name="Visible">Container.Content(addons)</param>
				</include>
			</control>

			<!-- Banners -->
			<control type="group">
				<visible>Control.IsVisible(57)</visible>
				<include>transition_ViewChange</include>
				<include content="view_Thumbnails">
					<param name="ID">57</param>
					<param name="Art">$INFO[ListItem.Art(banner)]</param>
					<param name="ArtHeight">170</param>
					<param name="ArtLeft">10</param>
					<param name="ArtWidth">832</param>
					<param name="AspectRatio">scale</param>
					<param name="AspectRatioAlign">center</param>
					<param name="AspectRatioAlignY">top</param>
					<param name="Fallback">views/fallback/banner.png</param>
					<param name="Height">972</param>
					<param name="ItemHeight">180</param>
					<param name="ItemWidth">832</param>
					<param name="Label2">$VAR[media:Info]</param>
					<param name="ShowInfo">String.IsEmpty(ListItem.Art(banner))</param>
					<param name="ShowLogo">false</param>
					<param name="ShowFallback">String.IsEmpty(Listitem.Art(banner))</param>
					<param name="ShowOverlay">false</param>
					<param name="TextPosY">60</param>
					<param name="TextWidth">787</param>
					<param name="ViewTypeLabel">$LOCALIZE[20020]</param>
					<param name="Width">1664</param>
					<param name="Visible">Container.Content(movies) | Container.Content(tvshows)</param>
				</include>
			</control>
		</control>

		<!--scrollbars-->
		<control type="group">
			<visible>!Control.IsVisible(52) + !Control.IsVisible(521) + !Control.IsVisible(53)</visible>
			<include>global_Scrollbar</include>
		</control>

		<control type="group">
			<visible>Control.IsVisible(52) |  Control.IsVisible(521) | Control.IsVisible(53)</visible>
			<include content="global_Scrollbar">
				<param name="Left">0</param>
				<param name="Top">1072</param>
				<param name="OnLeft">6500</param>
				<param name="OnRight">6500</param>
				<param name="OnUp">5500</param>
				<param name="OnDown">noop</param>
				<param name="Height">8</param>
				<param name="Width">1920</param>
				<param name="Orientation">horizontal</param>
			</include>
		</control>

		<!--menu-->
		<include>menu_Options</include>

	</controls>
</window>