<?xml version="1.0" encoding="UTF-8"?>
<includes>
	<include name="view_Labels">
		<param name="ID"/>
		<param name="Path"/>
		<param name="Path2" default="videodb://recentlyaddedmovies/"/>
		<param name="UseCustomPath" default="false"/>
		<param name="Visible" default="true"/>
		<definition>
			<control type="panel" id="$PARAM[ID]">
				<width>1664</width>
				<height>216</height>
				<onleft>7000</onleft>
				<onleft>SetProperty(MenuOpen,true,Home)</onleft>
				<orientation>vertical</orientation>
				<include>global_ListScroll</include>
				<visible>$PARAM[Visible]</visible>
				<itemlayout width="277.3" height="90">
					<control type="group">
						<width>277.3</width>
						<height>90</height>
						<control type="image">
							<width>277.3</width>
							<height>90</height>
							<texture colordiffuse="ff000000">colorize/10.png</texture>
							<aspectratio align="center" aligny="center">stretch</aspectratio>
							<bordersize>5</bordersize>
						</control>
						<control type="label">
							<left>20</left>
							<width>216</width>
							<height>90</height>
							<label>$INFO[ListItem.Label]</label>
							<font>Regular-18</font>
							<align>center</align>
							<aligny>center</aligny>
							<textcolor>$VAR[color:Accent]</textcolor>
						</control>
					</control>
				</itemlayout>
				<focusedlayout width="277.3" height="90">
					<control type="group">
						<width>277.3</width>
						<height>90</height>
						<control type="image">
							<width>277.3</width>
							<height>90</height>
							<texture colordiffuse="$VAR[color:Accent]">colorize/75.png</texture>
							<aspectratio align="center" aligny="center">stretch</aspectratio>
							<bordersize>5</bordersize>
						</control>
						<control type="label">
							<left>20</left>
							<width>216</width>
							<height>90</height>
							<label>$INFO[ListItem.Label]</label>
							<font>Regular-18</font>
							<align>center</align>
							<aligny>center</aligny>
							<textcolor>$VAR[color:Main]</textcolor>
						</control>
					</control>
				</focusedlayout>
				<include content="CustomPath" condition="$PARAM[UseCustomPath]">
					<param name="Path">$PARAM[Path2]</param>
					<param name="SortBy">$PARAM[SortBy2]</param>
				</include>
			</control>
		</definition>
	</include>
</includes>