<?xml version="1.0" encoding="UTF-8"?>
<includes>

	<include name="view_List-Layout">
		<param name="Top"/>
		<param name="Width" default="1466"/>
		<param name="Height" default="90"/>
		<param name="TextLeft" default="128"/>
		<param name="TextColor" default="$VAR[color:Accent]"/>
		<param name="TextColor2" default="$VAR[color:Text.2]"/>
		<param name="ShowSymbol" default="true"/>
		<param name="Symbol" default="$VAR[symbol:Global]"/>
		<param name="SymbolFont" default="26"/>
		<param name="ShowArt" default="false"/>
		<param name="Art" default="$INFO[ListItem.Icon]"/>
		<param name="DiffuseLevel" default="15"/>
		<param name="DiffuseColor" default="ff000000"/>
		<param name="SingleLine" default="false"/>
		<param name="MultiLine" default="true"/>
		<definition>
			<control type="image">
				<width>$PARAM[Width]</width>
				<height>$PARAM[Height]</height>
				<texture colordiffuse="$PARAM[DiffuseColor]">colorize/$PARAM[DiffuseLevel].png</texture>
				<aspectratio>stretch</aspectratio>
			</control>
			<control type="image">
				<left>9</left>
				<top>9</top>
				<width>72</width>
				<height>72</height>
				<texture>$PARAM[Art]</texture>
				<aspectratio>stretch</aspectratio>
				<visible>$PARAM[ShowArt]</visible>
			</control>
			<control type="label">
				<width>$PARAM[Height]</width>
				<height>$PARAM[Height]</height>
				<align>center</align>
				<aligny>center</aligny>
				<label>$PARAM[Symbol]</label>
				<textcolor>$PARAM[TextColor]</textcolor>
				<selectedcolor>$VAR[color:Accent]</selectedcolor>
				<font>Symbols-26</font>
				<visible>$PARAM[ShowSymbol]</visible>
			</control>
			<control type="label">
				<left>$PARAM[TextLeft]</left>
				<width>$PARAM[Width]</width>
				<label>$INFO[ListItem.Label]</label>
				<height>$PARAM[Height]</height>
				<font>Regular-22-L</font>
				<aligny>center</aligny>
				<textcolor>$PARAM[TextColor]</textcolor>
				<selectedcolor>$PARAM[TextColor]</selectedcolor>
				<visible>$PARAM[SingleLine]</visible>
			</control>
			<control type="group">
				<left>$PARAM[TextLeft]</left>
				<visible>$PARAM[MultiLine]</visible>
				<control type="label">
					<top>10</top>
					<width>$PARAM[Width]</width>
					<label>$INFO[ListItem.Label]</label>
					<height>50%</height>
					<font>Black-22</font>
					<aligny>center</aligny>
					<textcolor>$PARAM[TextColor]</textcolor>
					<selectedcolor>$PARAM[TextColor]</selectedcolor>
				</control>
				<control type="label">
					<bottom>10</bottom>
					<width>$PARAM[Width]</width>
					<label>$INFO[ListItem.Label2]</label>
					<height>50%</height>
					<font>Regular-20</font>
					<aligny>center</aligny>
					<textcolor>$PARAM[TextColor2]</textcolor>
					<selectedcolor>$PARAM[TextColor2]</selectedcolor>
				</control>
			</control>
		</definition>
	</include>

	<include name="view_List-Data">
		<param name="Top"/>
		<param name="TextLeft" default="160"/>
		<param name="TextColor" default="$VAR[color:Accent]"/>
		<param name="TextColor2" default="$VAR[color:Text.2]"/>
		<param name="SymbolColor" default="$VAR[color:Text.3]"/>
		<param name="TextWidth" default="1200"/>
		<param name="ItemWidth"/>
		<param name="ItemHeight" default="108"/>
		<param name="Height" default="54"/>
		<param name="Align" default="left"/>
		<param name="Aligny" default="center"/>
		<param name="Label" default="$VAR[media:Title]"/>
		<param name="Label2"/>
		<param name="Symbol" default="$VAR[symbol:Global]"/>
		<param name="SingleLine" default="$EXP[!ListItem.HasInfo]"/>
		<param name="MultiLine" default="$EXP[ListItem.HasInfo]"/>
		<param name="ShowArt" default="false"/>
		<param name="SymbolFont" default="Symbols-32"/>
		<param name="SymbolSize" default="108"/>
		<param name="TextureWith" default="108"/>
		<param name="ShowSymbol" default="true"/>
		<param name="Font" default="Black-24"/>
		<param name="DiffuseLevel" default="15"/>
		<param name="Selected" default="false"/>
		<definition>
			<control type="group">
				<control type="image">
					<width>$PARAM[ItemWidth]</width>
					<height>$PARAM[ItemHeight]</height>
					<texture colordiffuse="$VAR[color:Accent]">colorize/75.png</texture>
					<aspectratio>stretch</aspectratio>
					<visible>$PARAM[Selected]</visible>
				</control>
				<control type="image">
					<width>$PARAM[SymbolSize]</width>
					<height>$PARAM[ItemHeight]</height>
					<texture colordiffuse="ff000000">colorize/15.png</texture>
					<aspectratio>stretch</aspectratio>
					<visible>$PARAM[ShowSymbol]</visible>
				</control>
				<control type="label">
					<width>$PARAM[SymbolSize]</width>
					<height>$PARAM[ItemHeight]</height>
					<align>center</align>
					<aligny>center</aligny>
					<label>$PARAM[Symbol]</label>
					<textcolor>$PARAM[SymbolColor]</textcolor>
					<selectedcolor>$PARAM[TextColor]</selectedcolor>
					<font>$PARAM[SymbolFont]</font>
					<visible>$PARAM[ShowSymbol]</visible>
				</control>
				<control type="group">
					<left>$PARAM[TextLeft]</left>
					<control type="label">
						<width>$PARAM[TextWidth]</width>
						<label>$PARAM[Label]</label>
						<height>$PARAM[ItemHeight]</height>
						<font>$PARAM[Font]</font>
						<align>$PARAM[Align]</align>
						<aligny>$PARAM[Aligny]</aligny>
						<textcolor>$PARAM[TextColor]</textcolor>
						<selectedcolor>$PARAM[TextColor]</selectedcolor>
						<visible>$PARAM[SingleLine]</visible>
					</control>
					<control type="label">
						<top>10</top>
						<width>$PARAM[TextWidth]</width>
						<label>$PARAM[Label]</label>
						<height>54</height>
						<font>$PARAM[Font]</font>
						<align>$PARAM[Align]</align>
						<aligny>$PARAM[Aligny]</aligny>
						<textcolor>$PARAM[TextColor]</textcolor>
						<selectedcolor>$PARAM[TextColor]</selectedcolor>
						<visible>$PARAM[MultiLine]</visible>
					</control>
					<control type="label">
						<bottom>0</bottom>
						<height>54</height>
						<width>$PARAM[TextWidth]</width>
						<label>$PARAM[Label2]</label>
						<font>Regular-20</font>
						<textcolor>$PARAM[TextColor2]</textcolor>
						<selectedcolor>$PARAM[TextColor2]</selectedcolor>
						<aligny>top</aligny>
						<visible>$PARAM[MultiLine]</visible>
					</control>
				</control>
			</control>
		</definition>
	</include>

	<include name="view_List-Focus">
		<param name="FadeCondition" default="Window.IsActive(contextmenu)"/>
		<param name="Height" default="40"/>
		<param name="Left" default="0"/>
		<param name="Right" default="0"/>
		<param name="TextureColor" default="$PARAM[TextColor]"/>
		<param name="TextureDiffuse" default="colorize/70.png"/>
		<param name="Visible" default="true"/>
		<param name="Width" default="1280"/>
		<definition>
			<control type="image">
				<left>$PARAM[Left]</left>
				<right>$PARAM[Right]</right>
				<width>$PARAM[Width]</width>
				<height>$PARAM[Height]</height>
				<texture colordiffuse="$PARAM[TextureColor]">$PARAM[TextureDiffuse]</texture>
				<visible>$PARAM[Visible]</visible>
				<visible>![ControlGroup(6000).HasFocus | ControlGroup(4000).HasFocus | Control.HasFocus(70) | Control.HasFocus(99)]</visible>
				<animation type="Conditional" condition="$PARAM[FadeCondition]">
					<effect type="Fade" start="100" end="25" time="150" />
				</animation>
			</control>
		</definition>
	</include>

	<include name="view_List-Commons">
		<onright condition="Integer.IsGreater(Container($PARAM[ID]).NumPages,1)">$PARAM[PageControl]</onright>
		<param name="Height" default="972"/>
		<param name="OnDown" default="50"/>
		<param name="OnLeft" default="7000"/>
		<param name="OnUp" default="50"/>
		<param name="PageControl" default="6500"/>
		<param name="Top" default="0"/>
		<param name="Width"/>
		<include>global_ListScroll</include>
		<definition>
			<viewtype label="535">list</viewtype>
			<top>$PARAM[Top]</top>
			<height>$PARAM[Height]</height>
			<width>$PARAM[Width]</width>
			<onup>$PARAM[OnUp]</onup>
			<ondown>$PARAM[OnUp]</ondown>
			<onleft>$PARAM[OnLeft]</onleft>
			<onright>$PARAM[OnRight]</onright>
			<pagecontrol>$PARAM[PageControl]</pagecontrol>
			<include>global_ListScroll</include>
		</definition>
	</include>

	<include name="view_List">
		<param name="Align" default="left"/>
		<param name="Aligny" default="center"/>
		<param name="Font" default="Black-24"/>
		<param name="Font2" default="Regular-20"/>
		<param name="HasInfo" default="false"/>
		<param name="Height" default="972"/>
		<param name="Icon" default="$INFO[ListItem.Icon]"/>
		<param name="IconSize" default="64"/>
		<param name="ID" default="50"/>
		<param name="ItemHeight" default="108"/>
		<param name="Label" default="$VAR[media:Title]"/>
		<param name="Label2" default="$VAR[media:Info]"/>
		<param name="Left" default="0"/>
		<param name="ListWidth" default="1144"/><!--1036-->
		<param name="OnLeft" default="7000"/>
		<param name="OnRight" default="6500"/>
		<param name="PageControl" default="6500"/>
		<param name="ShowArt" default="false"/>
		<param name="ShowIcon" default="String.StartsWith(ListItem.FolderPath,pvr://)"/>
		<param name="ShowSymbol" default="true"/>
		<param name="Symbol" default="$VAR[symbol:Global]"/>
		<param name="SymbolFont" default="Symbols-32"/>
		<param name="SymbolSize" default="128"/>
		<param name="TextColor" default="Color1"/>
		<param name="TextColor2" default="Color2"/>
		<param name="TextLeft" default="152"/>
		<param name="TextLeft" default="160"/>
		<param name="TextWidth" default="832"/>
		<param name="Top" default="108"/>
		<param name="ViewLayout" default="535"/>
		<param name="Visible"/>
		<param name="Width" default="1920"/>
		<param name="WidthFull" default="[String.IsEmpty(Container.Content) + !String.StartsWith(Container.FolderPath,pvr://) + !String.StartsWith(Container.FolderPath,plugin://)] | Container.Content(genres) | Container.Content(years) | Container.Content(actors) | Container.Content(directors) | Container.Content(studios) | Container.Content(countries) | Container.Content(tags) | Container.Content(playlists) | [Container.Content(images) + !Container.HasFiles]"/>
		<param name="WidthLandscape" default="!Control.IsVisible(501) + ![String.IsEmpty(Container.Content) + !String.StartsWith(Container.FolderPath,pvr://) + !String.StartsWith(Container.FolderPath,plugin://)] + ![Container.Content(images) + !Container.HasFiles] + !Container.Content(playlists) + !Container.Content(genres) + !Container.Content(years) + !Container.Content(actors) + !Container.Content(directors) + !Container.Content(studios) + !Container.Content(countries)"/>
		<definition>
			<control type="list" id="$PARAM[ID]">
				<viewtype label="$PARAM[ViewLayout]">list</viewtype>
				<top>$PARAM[Top]</top>
				<left>$PARAM[Left]</left>
				<width>$PARAM[Width]</width> 
				<height>$PARAM[Height]</height>
				<onup>$PARAM[ID]</onup>
				<ondown>$PARAM[ID]</ondown>
				<onleft>SetProperty(MenuOpen,true,Home)</onleft>
				<onleft>$PARAM[OnLeft]</onleft>
				<onright>$PARAM[PageControl]</onright>
				<pagecontrol>$PARAM[PageControl]</pagecontrol>
				<include>global_ListScroll</include>
				<preloaditems>2</preloaditems>
				<visible>$PARAM[Visible]</visible>
				<!--library-->
				<itemlayout width="$PARAM[Width]" height="$PARAM[ItemHeight]">
					<control type="image">
						<width>$PARAM[SymbolSize]</width>
						<height>$PARAM[ItemHeight]</height>
						<texture colordiffuse="ff000000">colorize/10.png</texture>
						<aspectratio>stretch</aspectratio>
					</control>
					<!--item symbol-->
					<control type="label">
						<width>$PARAM[SymbolSize]</width>
						<height>$PARAM[ItemHeight]</height>
						<align>center</align>
						<aligny>center</aligny>
						<label>$PARAM[Symbol]</label>
						<textcolor>$VAR[color:Text.3]</textcolor>
						<selectedcolor>$VAR[color:Accent]</selectedcolor>
						<font>$PARAM[SymbolFont]</font>
						<visible>$PARAM[ShowSymbol]</visible>
					</control>
					<!--icon-->
					<control type="image">
						<left>32</left>
						<top>22</top>
						<width>$PARAM[IconSize]</width>
						<height>$PARAM[IconSize]</height>
						<texture>$PARAM[Icon]</texture>
						<aspectratio align="center" aligny="center">keep</aspectratio>
						<visible>$PARAM[ShowIcon]</visible>
					</control>
					<!--!ListItem.HasInfo-->
					<control type="label">
						<left>$PARAM[TextLeft]</left>
						<width>$PARAM[TextWidth]</width>
						<label>$PARAM[Label]</label>
						<height>$PARAM[ItemHeight]</height>
						<font>$PARAM[Font]</font>
						<align>$PARAM[Align]</align>
						<aligny>$PARAM[Aligny]</aligny>
						<textcolor>$VAR[color:Accent]</textcolor>
						<selectedcolor>$VAR[color:Accent]</selectedcolor>
						<visible>$EXP[!ListItem.HasInfo]</visible>
					</control>
					<!--ListItem.HasInfo-->
					<control type="label">
						<top>10</top>
						<left>$PARAM[TextLeft]</left>
						<width>$PARAM[TextWidth]</width>
						<label>$PARAM[Label]</label>
						<height>54</height>
						<font>$PARAM[Font]</font>
						<align>$PARAM[Align]</align>
						<aligny>$PARAM[Aligny]</aligny>
						<textcolor>$VAR[color:Accent]</textcolor>
						<selectedcolor>$VAR[color:Accent]</selectedcolor>
						<visible>$EXP[ListItem.HasInfo]</visible>
					</control>
					<control type="label">
						<left>$PARAM[TextLeft]</left>
						<bottom>0</bottom>
						<height>54</height>
						<width>$PARAM[TextWidth]</width>
						<label>$PARAM[Label2]</label>
						<font>$PARAM[Font2]</font>
						<textcolor>$VAR[color:Text.2]</textcolor>
						<selectedcolor>$VAR[color:Text.2]</selectedcolor>
						<aligny>top</aligny>
						<visible>$EXP[ListItem.HasInfo]</visible>
					</control>
					<control type="label" id="4">
						<left>928</left>
						<width>108</width>
						<height>108</height>
						<label>$VAR[pvr:Symbol]</label>
						<aligny>center</aligny>
						<align>center</align>
						<font>Symbols-32</font>
						<textcolor>$VAR[color:Text.3]</textcolor>
						<visible>String.StartsWith(Container.FolderPath,pvr://channels/)</visible>
					</control>
				</itemlayout>
				<focusedlayout width="$PARAM[Width]" height="$PARAM[ItemHeight]">
					<control type="image">
						<width>$PARAM[Width]</width>
						<height>$PARAM[ItemHeight]</height>
						<texture background="true" colordiffuse="$VAR[color:Accent]">colorize/75.png</texture>
						<include>toggle_Focus</include>
						<visible>$PARAM[WidthFull]</visible>
					</control>
					<!-- Landscape width -->
					<control type="image">
						<width>1036</width>
						<height>$PARAM[ItemHeight]</height>
						<texture background="true" colordiffuse="$VAR[color:Accent]">colorize/75.png</texture>
						<include>toggle_Focus</include>
						<visible>$PARAM[WidthLandscape]</visible>
					</control>
					<control type="image">
						<width>$PARAM[ListWidth]</width>
						<height>$PARAM[ItemHeight]</height>
						<texture background="true" colordiffuse="$VAR[color:Accent]">colorize/75.png</texture>
						<include>toggle_Focus</include>
						<visible>Control.IsVisible(501)</visible>
					</control>			
					<control type="image">
						<width>$PARAM[SymbolSize]</width>
						<height>$PARAM[ItemHeight]</height>
						<texture background="true" colordiffuse="ff000000">colorize/15.png</texture>
						<aspectratio>stretch</aspectratio>
					</control>
					<control type="group">
						<visible>Control.HasFocus($PARAM[ID])</visible>
						<!--item symbol-->
						<control type="label">
							<width>$PARAM[SymbolSize]</width>
							<height>$PARAM[ItemHeight]</height>
							<align>center</align>
							<aligny>center</aligny>
							<label>$PARAM[Symbol]</label>
							<textcolor>$VAR[color:Main]</textcolor>
							<selectedcolor>$VAR[color:Main]</selectedcolor>
							<font>$PARAM[SymbolFont]</font>
							<visible>$PARAM[ShowSymbol]</visible>
						</control>
						<!--icon-->
						<control type="image">
							<left>32</left>
							<top>22</top>
							<width>$PARAM[IconSize]</width>
							<height>$PARAM[IconSize]</height>
							<texture background="true">$PARAM[Icon]</texture>
							<aspectratio align="center" aligny="center">keep</aspectratio>
							<visible>$PARAM[ShowIcon]</visible>
						</control>
						<control type="label">
							<left>$PARAM[TextLeft]</left>
							<width>$PARAM[TextWidth]</width>
							<label>$PARAM[Label]</label>
							<height>$PARAM[ItemHeight]</height>
							<font>$PARAM[Font]</font>
							<align>$PARAM[Align]</align>
							<aligny>$PARAM[Aligny]</aligny>
							<textcolor>$VAR[color:Main]</textcolor>
							<selectedcolor>$VAR[color:Main]</selectedcolor>
							<visible>$EXP[!ListItem.HasInfo]</visible>
						</control>
						<control type="label">
							<top>10</top>
							<left>$PARAM[TextLeft]</left>
							<width>$PARAM[TextWidth]</width>
							<label>$PARAM[Label]</label>
							<height>54</height>
							<font>$PARAM[Font]</font>
							<align>$PARAM[Align]</align>
							<aligny>$PARAM[Aligny]</aligny>
							<textcolor>$VAR[color:Main]</textcolor>
							<selectedcolor>$VAR[color:Main]</selectedcolor>
							<visible>$EXP[ListItem.HasInfo]</visible>
						</control>
						<control type="label">
							<left>$PARAM[TextLeft]</left>
							<bottom>0</bottom>
							<height>54</height>
							<width>$PARAM[TextWidth]</width>
							<label>$PARAM[Label2]</label>
							<font>$PARAM[Font2]</font>
							<textcolor>$VAR[color:Main]</textcolor>
							<selectedcolor>$VAR[color:Main]</selectedcolor>
							<aligny>top</aligny>
							<visible>$EXP[ListItem.HasInfo]</visible>
						</control>
						<!-- PVR Status -->
						<control type="label">
							<left>928</left>
							<width>108</width>
							<height>108</height>
							<label>$VAR[pvr:Symbol]</label>
							<aligny>center</aligny>
							<align>center</align>
							<font>Symbols-32</font>
							<textcolor>$VAR[color:Main]</textcolor>
							<selectedcolor>$VAR[color:Main]</selectedcolor>
							<visible>String.StartsWith(Container.FolderPath,pvr://channels/)</visible>
						</control>
					</control>

					<control type="group">
						<visible>!Control.HasFocus($PARAM[ID])</visible>
						<!--item symbol-->
						<control type="label">
							<width>$PARAM[SymbolSize]</width>
							<height>$PARAM[ItemHeight]</height>
							<align>center</align>
							<aligny>center</aligny>
							<label>$PARAM[Symbol]</label>
							<textcolor>$VAR[color:Accent]</textcolor>
							<selectedcolor>$VAR[color:Accent]</selectedcolor>
							<font>$PARAM[SymbolFont]</font>
							<visible>$PARAM[ShowSymbol]</visible>
						</control>
						<!--icon-->
						<control type="image">
							<left>32</left>
							<top>22</top>
							<width>$PARAM[IconSize]</width>
							<height>$PARAM[IconSize]</height>
							<texture>$PARAM[Icon]</texture>
							<aspectratio align="center" aligny="center">keep</aspectratio>
							<visible>$PARAM[ShowIcon]</visible>
						</control>
						<control type="label">
							<left>$PARAM[TextLeft]</left>
							<width>$PARAM[TextWidth]</width>
							<label>$PARAM[Label]</label>
							<height>$PARAM[ItemHeight]</height>
							<font>$PARAM[Font]</font>
							<align>$PARAM[Align]</align>
							<aligny>$PARAM[Aligny]</aligny>
							<textcolor>$VAR[color:Accent]</textcolor>
							<selectedcolor>$VAR[color:Accent]</selectedcolor>
							<visible>$EXP[!ListItem.HasInfo]</visible>
						</control>
						<control type="label">
							<top>10</top>
							<left>$PARAM[TextLeft]</left>
							<width>$PARAM[TextWidth]</width>
							<label>$PARAM[Label]</label>
							<height>54</height>
							<font>$PARAM[Font]</font>
							<align>$PARAM[Align]</align>
							<aligny>$PARAM[Aligny]</aligny>
							<textcolor>$VAR[color:Accent]</textcolor>
							<selectedcolor>$VAR[color:Accent]</selectedcolor>
							<visible>$EXP[ListItem.HasInfo]</visible>
						</control>
						<control type="label">
							<left>$PARAM[TextLeft]</left>
							<bottom>0</bottom>
							<height>54</height>
							<width>$PARAM[TextWidth]</width>
							<label>$PARAM[Label2]</label>
							<font>$PARAM[Font2]</font>
							<textcolor>$VAR[color:Text.2]</textcolor>
							<selectedcolor>$VAR[color:Text.2]</selectedcolor>
							<aligny>top</aligny>
							<visible>$EXP[ListItem.HasInfo]</visible>
						</control>
						<!-- PVR Status -->
						<control type="label">
							<left>928</left>
							<width>108</width>
							<height>108</height>
							<label>$VAR[pvr:Symbol]</label>
							<aligny>center</aligny>
							<align>center</align>
							<font>Symbols-32</font>
							<textcolor>$VAR[color:Accent]</textcolor>
							<selectedcolor>$VAR[color:Accent]</selectedcolor>
							<visible>String.StartsWith(Container.FolderPath,pvr://channels/)</visible>
						</control>
					</control>
				</focusedlayout>
			</control>
		</definition>
	</include>

	<include name="info_List">
		<param name="Art" default="$VAR[art:Landscape]"/>
		<param name="Art2" default="$VAR[art:Square]"/>
		<param name="ArtCenterLeft"/>
		<param name="ArtLeft"/>
		<param name="Right"/>
		<param name="ArtHeight" default="432"/>
		<param name="ArtWidth" default="756"/>
		<param name="Aspect" default="scale"/>
		<param name="AspectRatioAlign" default="center"/>
		<param name="AspectRatioAlignY" default="top"/>
		<param name="DiffuseTexture" default="views/diffuse/kodi_landscape.png"/>
		<param name="FallbackColor" default="$VAR[color:Text.2]"/>
		<param name="Fallback" default="$VAR[art:Fallback]"/>
		<param name="Height" default="972"/>
		<param name="Logo" default="$VAR[art:Logo]"/>
		<param name="ProviderLogo" default="logos/tmdb.png"/>
		<param name="ShowDescription" default="true"/>
		<param name="ShowInfo" default="true"/>
		<param name="ShowLogo" default="$EXP[Views.ShowLogo]"/>
		<param name="Symbol" default="$VAR[symbol:Global]"/>
		<param name="SymbolFont" default="Symbols-46"/>
		<param name="TextHeight" default="365"/>
		<param name="TextWidth" default="705"/>
		<param name="Width" default="756"/>
		<param name="Visible" default="false"/>
		<definition>
			<control type="group">
				<top>108</top>
				<right>128</right>
				<width>$PARAM[Width]</width>
				<height>$PARAM[Height]</height>
				<visible>$PARAM[Visible]</visible>

				<control type="image">
					<width>$PARAM[Width]</width>
					<height>$PARAM[ArtHeight]</height>
					<texture colordiffuse="$VAR[color:Fallback]">$PARAM[Fallback]</texture>
					<aspectratio align="center" aligny="center">scale</aspectratio>
					<visible>String.IsEmpty(ListItem.Art(thumb)) | String.StartsWith(Container.FolderPath,pvr://channels/)</visible>
				</control>

				<!-- Symbol -->
				<control type="label">
					<width>$PARAM[Width]</width>
					<height>$PARAM[ArtHeight]</height>
					<label>$PARAM[Symbol]</label>
					<font>$PARAM[SymbolFont]</font>
					<align>center</align>
					<aligny>center</aligny>
					<textcolor>$VAR[color:Accent]</textcolor>
					<visible>ListItem.IsParentFolder</visible>
				</control>

				<!-- Artwork landscape -->
				<control type="image">
					<left>$PARAM[ArtLeft]</left>
					<width>$PARAM[Width]</width>
					<height>$PARAM[ArtHeight]</height>
					<fadetime>fadetime_Thumb</fadetime>
					<texture background="true">$PARAM[Art]</texture>
					<aspectratio align="$PARAM[AspectRatioAlign]" aligny="$PARAM[AspectRatioAlignY]">$PARAM[Aspect]</aspectratio>
				</control>

				<!-- Landscape art -->
				<control type="group">
					<width>$PARAM[Width]</width>
					<height>$PARAM[ArtHeight]</height>

					<!-- Clearlogo -->
					<control type="image">
						<bottom>24</bottom>
						<width>100%</width>
						<height>40%</height>
						<texture background="true">$PARAM[Logo]</texture>
						<fadetime>fadetime_Thumb</fadetime>
						<aspectratio align="center" aligny="bottom">keep</aspectratio>
						<visible>$PARAM[ShowLogo]</visible>
					</control>

					<!-- Videowindow -->
					<control type="group">
						<visible>!System.Platform.Android + [VideoPLayer.Content(livetv) + [Window.IsActive(tvchannels) | Window.IsActive(radiochannels)]]</visible>
						<control type="image">
							<width>$PARAM[Width]</width>
							<height>$PARAM[ArtHeight]</height>
							<texture colordiffuse="ff000000">colorize/100.png</texture>
							<aspectratio>stretch</aspectratio>
						</control>
						<control type="videowindow">
							<width>$PARAM[Width]</width>
							<height>$PARAM[ArtHeight]</height>
						</control>
					</control>
				</control>
				<!-- Media info -->
				<control type="group">
					<top>$PARAM[ArtHeight]</top>
					<visible>$PARAM[ShowInfo]</visible>
					<control type="image">
						<width>$PARAM[Width]</width>
						<height>108</height>
						<texture colordiffuse="ff000000">colorize/50.png</texture>
						<aspectratio>stretch</aspectratio>
					</control>
					<control type="image">
						<width>$PARAM[Width]</width>
						<height>$PARAM[Height]</height>
						<texture colordiffuse="ff000000">colorize/40.png</texture>
						<aspectratio>stretch</aspectratio>
					</control>
					<control type="group">
						<control type="grouplist">
							<left>32</left>
							<width>705</width>
							<height>108</height>
							<itemgap>10</itemgap>
							<orientation>horizontal</orientation>
							<include>media_Info</include>
						</control>
						<control type="grouplist">
							<left>32</left>
							<top>132</top>
							<itemgap>12</itemgap>
							<orientation>vertical</orientation>
							<visible>$PARAM[ShowDescription]</visible>
							<control type="label">
								<width>$PARAM[TextWidth]</width>
								<label>$VAR[media:Heading]</label>
								<height>54</height>
								<font>Regular-20</font>
								<aligny>center</aligny>
								<textcolor>$VAR[color:Accent]</textcolor>
								<visible>[String.IsEqual(ListItem.DBTYPE,movie) + !IsEmpty(ListItem.Tagline)] | ListItem.IsCollection</visible>
							</control>
							<control type="textbox">
								<width>$PARAM[TextWidth]</width>
								<height>295</height>
								<label>$VAR[media:Description]</label>
								<font>Slab-24</font>
								<textcolor>$VAR[color:Text.3]</textcolor>
							</control>
						</control>
					</control>
				</control>
			</control>
		</definition>
	</include>


<!--BIGLIST-->
	<include name="view_BigList">
		<param name="Art" default="$VAR[art:Landscape]"/>
		<param name="ArtHeight" default="270"/>
		<param name="ArtWidth" default="481"/>
		<param name="FadeCondition" default="$EXP[!Views.ListHasFocus]"/>
		<param name="Height" default="972"/>
		<param name="Icon" default="$VAR[symbol:Global]"/>
		<param name="ID" default="51"/>
		<param name="ItemHeight" default="270"/>
		<param name="Label2" default="$VAR[media:Info]"/>
		<param name="Logo" default="$VAR[art:Logo]"/>
		<param name="PageControl" default="6500"/>
		<param name="ShowLogo" default="$EXP[Views.ShowLogo]"/>
		<param name="Symbol" default="$VAR[symbol:Global]"/>
		<param name="SymbolFont" default="Symbols-32"/>
		<param name="TextLeft" default="673"/>
		<param name="Top" default="108"/>
		<param name="Width" default="1792"/>
		<definition>
			<control type="list" id="51">
				<viewtype label="537">biglist</viewtype>
				<left>0</left>
				<top>$PARAM[Top]</top>
				<width>1792</width>
				<height>$PARAM[Height]</height>
				<onleft>7000</onleft>
				<onleft>SetProperty(MenuOpen,true,Home)</onleft>
				<onright condition="Integer.IsGreater(Container($PARAM[ID]).NumPages,1)">$PARAM[PageControl]</onright>
				<onup>51</onup>
				<ondown>51</ondown>
				<pagecontrol>6500</pagecontrol>
				<preloaditems>2</preloaditems>
				<include>global_ListScroll</include>
				<visible>Container.Content(movies) | Container.Content(tvshows) | Container.Content(episodes) | Container.Content(musicvideos) | Container.Content(artists) | String.StartsWith(Container.FolderPath,pvr://recordings)</visible>
				<itemlayout width="$PARAM[Width]" height="$PARAM[ItemHeight]">
					<control type="group">
						<left>128</left>
						<control type="image">
							<width>$PARAM[ArtWidth]</width>
							<height>$PARAM[ArtHeight]</height>
							<texture background="true" colordiffuse="$VAR[color:Text.2]">$VAR[art:Fallback]</texture>
							<aspectratio align="center" aligny="center">scale</aspectratio>
						</control>
						<control type="image">
							<width>$PARAM[ArtWidth]</width>
							<height>$PARAM[ArtHeight]</height>
							<texture background="true">$PARAM[Art]</texture>
							<aspectratio align="center" aligny="center">scale</aspectratio>
						</control>
						<control type="image">
							<bottom>24</bottom>
							<width>$PARAM[ArtWidth]</width>
							<height>35%</height>
							<texture background="true">$PARAM[Logo]</texture>
							<aspectratio align="center" aligny="bottom">keep</aspectratio>
							<visible>$PARAM[ShowLogo]</visible>
						</control>
					</control>
					<control type="label">
						<width>128</width>
						<height>$PARAM[ArtHeight]</height>
						<align>center</align>
						<aligny>center</aligny>
						<label>$PARAM[Icon]</label>
						<textcolor>$VAR[color:Text.3]</textcolor>
						<selectedcolor>$VAR[color:Text.3]</selectedcolor>
						<font>$PARAM[SymbolFont]</font>
					</control>
					<control type="group">
						<left>$PARAM[TextLeft]</left>
						<top>0</top>
						<control type="label">
							<width>1088</width>
							<label>$VAR[media:Title]</label>
							<height>90</height>
							<font>Black-26</font>
							<textcolor>$VAR[color:Accent]</textcolor>
							<selectedcolor>$VAR[color:Accent]</selectedcolor>
						</control>
						<control type="label">
							<top>58</top>
							<width>1088</width>
							<label>$PARAM[Label2]</label>
							<height>45</height>
							<font>Regular-22</font>
							<aligny>center</aligny>
							<textcolor>$VAR[color:Text.2]</textcolor>
							<selectedcolor>$VAR[color:Text.3]</selectedcolor>
						</control>
						<control type="textbox">
							<top>110</top>
							<width>1064</width>
							<label>$VAR[media:Description]</label>
							<height>115</height>
							<font>Slab-24</font>
							<aligny>top</aligny>
							<textcolor>$VAR[color:Text.3]</textcolor>
							<autoscroll>false</autoscroll>
						</control>
					</control>
				</itemlayout>
				<focusedlayout width="$PARAM[Width]" height="$PARAM[ItemHeight]">
					<control type="group">
						<left>128</left>
						<control type="image">
							<left>0</left>
							<width>$PARAM[Width]</width>
							<height>$PARAM[ArtHeight]</height>
							<texture background="true" colordiffuse="$VAR[color:Accent]">colorize/75.png</texture>
							<aspectratio align="center" aligny="top">stretch</aspectratio>
							<animation type="Conditional" condition="$PARAM[FadeCondition]">
								<effect type="Fade" start="100" end="25" time="150" />
							</animation>
						</control>
						<control type="image">
							<width>$PARAM[ArtWidth]</width>
							<height>$PARAM[ArtHeight]</height>
							<texture background="true" colordiffuse="$VAR[color:Text.2]" diffuse="views/diffuse/direction/left.png">$VAR[art:Fallback]</texture>
							<aspectratio align="center" aligny="center">scale</aspectratio>
						</control>
						<control type="image">
							<width>$PARAM[ArtWidth]</width>
							<height>$PARAM[ArtHeight]</height>
							<texture background="true" diffuse="views/diffuse/direction/left.png">$PARAM[Art]</texture>
							<aspectratio align="center" aligny="center">scale</aspectratio>
						</control>
						<control type="image">
							<bottom>24</bottom>
							<width>$PARAM[ArtWidth]</width>
							<height>35%</height>
							<texture background="true">$PARAM[Logo]</texture>
							<aspectratio align="center" aligny="bottom">keep</aspectratio>
							<visible>$PARAM[ShowLogo]</visible>
						</control>
					</control>
					<control type="label">
						<width>128</width>
						<height>$PARAM[ArtHeight]</height>
						<align>center</align>
						<aligny>center</aligny>
						<label>$PARAM[Icon]</label>
						<textcolor>$VAR[color:Accent]</textcolor>
						<selectedcolor>$VAR[color:Accent]</selectedcolor>
						<font>$PARAM[SymbolFont]</font>
					</control>
					<control type="group">
						<left>$PARAM[TextLeft]</left>
						<control type="label">
							<width>1088</width>
							<label>$VAR[media:Title]</label>
							<height>90</height>
							<font>Black-26</font>
							<textcolor>$VAR[color:Main]</textcolor>
							<selectedcolor>$VAR[color:Main]</selectedcolor>
						</control>
						<control type="label">
							<top>58</top>
							<width>1088</width>
							<label>$PARAM[Label2]</label>
							<height>45</height>
							<font>Regular-22</font>
							<aligny>center</aligny>
							<textcolor>$VAR[color:Main]</textcolor>
							<selectedcolor>$VAR[color:Main]</selectedcolor>
						</control>
						<control type="textbox">
							<top>110</top>
							<width>1064</width>
							<label>$VAR[media:Description]</label>
							<height>115</height>
							<font>Slab-24</font>
							<aligny>top</aligny>
							<textcolor>$VAR[color:Main]</textcolor>
						</control>
					</control>
				</focusedlayout>
			</control>
		</definition>
	</include>

	<include name="dialog_List">
		<param name="ID"/>
		<param name="!Label2Empty" default="!String.IsEmpty(ListItem.Label2)"/>
		<param name="AnimationCondition"/>
		<param name="Font" default="Black-22"/>
		<param name="Height"/>
		<param name="Icon" default="$INFO[ListItem.Icon]"/>
		<param name="IconLeft" default="22"/>
		<param name="IconSize" default="64"/>
		<param name="IconTop" default="13"/>
		<param name="ItemHeight"/>
		<param name="ItemWidth" default="1358"/>
		<param name="Label" default="$VAR[media:Title]"/>
		<param name="Label2" default="$INFO[ListItem.Label2]"/>
		<param name="Label2Empty" default="String.IsEmpty(ListItem.Label2)"/>
		<param name="Left"/>
		<param name="ListType" default="list"/>
		<param name="OnBack"/>
		<param name="OnDown" default="$PARAM[ID]"/>
		<param name="OnFocus"/>
		<param name="OnLeft"/>
		<param name="OnRight"/>
		<param name="OnUnFocus"/>
		<param name="OnUp" default="$PARAM[ID]"/>
		<param name="Orientation" default="vertical"/>
		<param name="PageControl" default="6500"/>
		<param name="ShowIcon" default="false"/>
		<param name="ShowSymbol" default="true"/>
		<param name="Symbol" default="$VAR[symbol:Global]"/>
		<param name="SymbolFont" default="Symbols-26"/>
		<param name="SymbolSize" default="108"/>
		<param name="TextLeft" default="140"/>
		<param name="TextWidth" default="1058"/>
		<param name="Top"/>
		<param name="Visible"/>
		<param name="Width"/>
		<definition>
			<control type="$PARAM[ListType]" id="$PARAM[ID]">
				<top>$PARAM[Top]</top>
				<left>$PARAM[Left]</left>
				<width>$PARAM[Width]</width>
				<height>$PARAM[Height]</height>
				<onback>5000</onback>
				<onup>$PARAM[OnUp]</onup>
				<ondown>$PARAM[OnDown]</ondown>
				<onleft>$PARAM[OnLeft]</onleft>
				<onright>$PARAM[OnRight]</onright>
				<onup>$PARAM[OnUp]</onup>
				<ondown>$PARAM[OnDown]</ondown>
				<onfocus>$PARAM[OnFocus]</onfocus>
				<onunfocus>$PARAM[OnUnFocus]</onunfocus>
				<visible>$PARAM[Visible]</visible>
				<orientation>$PARAM[Orientation]</orientation>
				<animation effect="fade" start="100" end="60" time="200" condition="$PARAM[AnimationCondition]">Conditional</animation>
				<itemlayout width="$PARAM[ItemWidth]" height="$PARAM[ItemHeight]">
					<control type="image">
						<width>$PARAM[SymbolSize]</width>
						<height>$PARAM[ItemHeight]</height>
						<texture colordiffuse="ff000000">colorize/10.png</texture>
						<aspectratio>stretch</aspectratio>
						<visible>$PARAM[ShowSymbol]</visible>
					</control>
					<control type="label">
						<width>$PARAM[SymbolSize]</width>
						<height>$PARAM[ItemHeight]</height>
						<font>$PARAM[SymbolFont]</font>
						<align>center</align>
						<aligny>center</aligny>
						<label>$PARAM[Symbol]</label>
						<textcolor>$VAR[color:Text.3]</textcolor>
						<selectedcolor>$VAR[color:Text.2]</selectedcolor>
						<visible>$PARAM[ShowSymbol]</visible>
					</control>
					<control type="image">
						<left>$PARAM[IconLeft]</left>
						<top>$PARAM[IconTop]</top>
						<width>$PARAM[IconSize]</width>
						<height>$PARAM[IconSize]</height>
						<texture>$INFO[ListItem.Icon]</texture>
						<aspectratio>keep</aspectratio>
						<visible>$PARAM[ShowIcon]</visible>
					</control>
					<control type="group">
						<left>$PARAM[TextLeft]</left>
						<control type="label">
							<width>$PARAM[TextWidth]</width>
							<height>$PARAM[ItemHeight]</height>
							<aligny>center</aligny>
							<font>$PARAM[Font]</font>
							<label>$PARAM[Label]</label>
							<textcolor>$VAR[color:Accent]</textcolor>
							<selectedcolor>$VAR[color:Text.2]</selectedcolor>
							<visible>$PARAM[Label2Empty]</visible>
						</control>
						<control type="label">
							<top>15</top>
							<width>$PARAM[TextWidth]</width>
							<height>45</height>
							<aligny>bottom</aligny>
							<font>$PARAM[Font]</font>
							<label>$PARAM[Label]</label>
							<textcolor>$VAR[color:Accent]</textcolor>
							<selectedcolor>$VAR[color:Text.2]</selectedcolor>
							<visible>$PARAM[!Label2Empty]</visible>
						</control>
						<control type="label">
							<top>45</top>
							<width>$PARAM[TextWidth]</width>
							<height>45</height>
							<aligny>top</aligny>
							<font>Regular-18</font>
							<label>$PARAM[Label2]</label>
							<textcolor>$VAR[color:Text.2]</textcolor>
							<selectedcolor>$VAR[color:Text.2]</selectedcolor>
							<visible>$PARAM[!Label2Empty]</visible>
						</control>
					</control>
				</itemlayout>
				<focusedlayout width="$PARAM[ItemWidth]" height="$PARAM[ItemHeight]">
					<control type="image">
						<width>$PARAM[ItemWidth]</width>
						<height>$PARAM[ItemHeight]</height>
						<texture colordiffuse="ff000000">colorize/10.png</texture>
						<aspectratio>stretch</aspectratio>
						<visible>!Control.HasFocus($PARAM[ID])</visible>
					</control>
					<control type="image">
						<width>$PARAM[ItemWidth]</width>
						<height>$PARAM[ItemHeight]</height>
						<texture colordiffuse="$VAR[color:Accent]">colorize/75.png</texture>
						<aspectratio>stretch</aspectratio>
						<visible>Control.HasFocus($PARAM[ID])</visible>
					</control>
					<control type="group">
						<visible>$PARAM[ShowSymbol]</visible>
						<control type="image">
							<width>$PARAM[SymbolSize]</width>
							<height>$PARAM[ItemHeight]</height>
							<texture colordiffuse="ff000000">colorize/10.png</texture>
							<aspectratio>stretch</aspectratio>
						</control>
						<control type="label">
							<width>$PARAM[SymbolSize]</width>
							<height>$PARAM[ItemHeight]</height>
							<font>$PARAM[SymbolFont]</font>
							<align>center</align>
							<aligny>center</aligny>
							<label>$PARAM[Symbol]</label>
							<textcolor>$VAR[color:Main]</textcolor>
							<selectedcolor>$VAR[color:Text.2]</selectedcolor>
						</control>
						<control type="label">
							<width>$PARAM[SymbolSize]</width>
							<height>$PARAM[ItemHeight]</height>
							<font>$PARAM[SymbolFont]</font>
							<align>center</align>
							<aligny>center</aligny>
							<label>$PARAM[Symbol]</label>
							<textcolor>$VAR[color:Accent]</textcolor>
							<selectedcolor>$VAR[color:Text.2]</selectedcolor>
							<visible>!Control.HasFocus($PARAM[ID])</visible>
						</control>
						<control type="image">
							<left>$PARAM[IconLeft]</left>
							<top>$PARAM[IconTop]</top>
							<width>$PARAM[IconSize]</width>
							<height>$PARAM[IconSize]</height>
							<texture>$INFO[ListItem.Icon]</texture>
							<aspectratio>keep</aspectratio>
							<visible>$PARAM[ShowIcon]</visible>
						</control>
					</control>
					<control type="group">
						<left>$PARAM[TextLeft]</left>
						<visible>Control.HasFocus($PARAM[ID])</visible>
						<control type="label">
							<width>$PARAM[TextWidth]</width>
							<height>$PARAM[ItemHeight]</height>
							<aligny>center</aligny>
							<font>$PARAM[Font]</font>
							<label>$PARAM[Label]</label>
							<textcolor>$VAR[color:Main]</textcolor>
							<visible>$PARAM[Label2Empty]</visible>
						</control>
						<control type="label">
							<top>15</top>
							<width>$PARAM[TextWidth]</width>
							<height>45</height>
							<aligny>bottom</aligny>
							<font>$PARAM[Font]</font>
							<label>$PARAM[Label]</label>
							<textcolor>$VAR[color:Main]</textcolor>
							<visible>$PARAM[!Label2Empty]</visible>
						</control>
						<control type="label">
							<top>45</top>
							<width>$PARAM[TextWidth]</width>
							<height>45</height>
							<aligny>top</aligny>
							<font>Regular-18</font>
							<label>$PARAM[Label2]</label>
							<textcolor>$VAR[color:Main]</textcolor>
							<visible>$PARAM[!Label2Empty]</visible>
						</control>
					</control>
				<!--labels, container = unfocused-->
					<control type="group">
						<left>$PARAM[TextLeft]</left>
						<visible>!Control.HasFocus($PARAM[ID])</visible>
						<!--no label2 available, so use one text row-->
						<control type="label">
							<width>$PARAM[TextWidth]</width>
							<height>90</height>
							<aligny>center</aligny>
							<font>$PARAM[Font]</font>
							<label>$PARAM[Label]</label>
							<textcolor>$VAR[color:Accent]</textcolor>
							<selectedcolor>$VAR[color:Text.2]</selectedcolor>
							<visible>$PARAM[Label2Empty]</visible>
						</control>
						<!--a label2 is available, so use two rows-->
						<control type="label">
							<top>15</top>
							<width>$PARAM[TextWidth]</width>
							<height>45</height>
							<aligny>bottom</aligny>
							<font>$PARAM[Font]</font>
							<label>$PARAM[Label]</label>
							<textcolor>$VAR[color:Accent]</textcolor>
							<selectedcolor>$VAR[color:Text.2]</selectedcolor>
							<visible>$PARAM[!Label2Empty]</visible>
						</control>
						<control type="label">
							<top>45</top>
							<width>$PARAM[TextWidth]</width>
							<height>45</height>
							<aligny>top</aligny>
							<font>Regular-18</font>
							<label>$PARAM[Label2]</label>
							<textcolor>$VAR[color:Text.2]</textcolor>
							<selectedcolor>$VAR[color:Text.2]</selectedcolor>
							<visible>$PARAM[!Label2Empty]</visible>
						</control>
					</control>
				</focusedlayout>
			</control>
		</definition>
	</include>
</includes>
