<?xml version="1.0" encoding="UTF-8"?>
<includes>
	<include name="view_Thumbnails">
		<param name="ID" default="55"/>
		<param name="Art" default="$VAR[art:Landscape]"/>
		<param name="ArtHeight" default="321"/>
		<param name="ArtWidth" default="554.6"/>
		<param name="AspectRatio" default="scale"/>
		<param name="AspectRatioAlign" default="center"/>
		<param name="AspectRatioAlignY" default="top"/>
		<param name="Fallback" default="$VAR[art:Fallback]"/>
		<param name="Font1" default="Black-24"/>
		<param name="Font2" default="Regular-20"/>
		<param name="OnUp" default="55"/>
		<param name="OnDown" default="55"/>
		<param name="Frame" default="views/frame/square.png"/>
		<param name="Height" default="972"/>
		<param name="ItemHeight" default="321"/>
		<param name="ItemWidth" default="554.6"/>
		<param name="Label" default="$VAR[media:Title]"/>
		<param name="Label2" default="$VAR[media:Info]"/>
		<param name="Left" default="128"/>
		<param name="Logo" default="$VAR[art:Logo]"/>
		<param name="LogoSize" default="30%"/>
		<param name="LogoPosY" default="30%"/>
		<param name="OnRight" default="24"/>
		<param name="Orientation" default="vertical"/>
		<param name="PageControl" default="6500"/>
		<param name="ShowFallback" default="String.IsEmpty(Listitem.Art(thumb))"/>
		<param name="ShowIconLabel" default="false"/>
		<param name="ShowInfo" default="true"/>
		<param name="ShowLogo" default="$EXP[Views.ShowLogo]"/>
		<param name="ShowOverlay" default="true"/>
		<param name="Symbol" default="$VAR[symbol:Global]"/>
		<param name="SymbolFont" default="Symbols-38"/>
		<param name="TextHeight" default="228"/><!--Artheight - 84-->
		<param name="TextLeft" default="32"/>
		<param name="TextPosY" default="50"/>
		<param name="TextWidth" default="490"/><!--ArtWidth - 48-->
		<param name="Top" default="108"/>
		<param name="ViewTypeLabel" default="$LOCALIZE[31202]"/>
		<param name="Width" default="1664"/>
		<param name="Visible"/>
		<param name="UseCustomPath" default="false"/>
		<param name="UseCustomPath2" default="false"/>
		<param name="Path2" default="videodb://recentlyaddedmovies/"/>
		<definition>
			<control type="panel" id="$PARAM[ID]">
				<viewtype label="$PARAM[ViewTypeLabel]">icon</viewtype>
				<left>$PARAM[Left]</left>
				<top>$PARAM[Top]</top>
				<width>$PARAM[Width]</width>
				<height>$PARAM[Height]</height>
				<onup>$PARAM[OnUp]</onup>
				<ondown>$PARAM[OnDown]</ondown>
				<onleft>7000</onleft>
				<onleft>SetProperty(MenuOpen,true,Home)</onleft>
				<onright condition="Window.IsActive(videobookmarks)">9000</onright>
				<onright condition="!Window.IsActive(videobookmarks)">6500</onright>
				<orientation>$PARAM[Orientation]</orientation>
				<pagecontrol>$PARAM[PageControl]</pagecontrol>
				<preloaditems>4</preloaditems>
				<include>global_ListScroll</include>
				<visible>$PARAM[Visible]</visible>
				<itemlayout width="$PARAM[ItemWidth]" height="$PARAM[ItemHeight]">
					<control type="group">
						<width>$PARAM[ArtWidth]</width>
						<height>$PARAM[ArtHeight]</height>
						<control type="image">
							<width>$PARAM[ArtWidth]</width>
							<height>$PARAM[ArtHeight]</height>
							<texture colordiffuse="$VAR[color:Text.2]">$PARAM[Fallback]</texture>
							<aspectratio align="center" aligny="center">scale</aspectratio>
							<bordersize>10</bordersize>
							<visible>$PARAM[ShowFallback]</visible>
						</control>
						<control type="label">
							<width>$PARAM[ArtWidth]</width>
							<height>$PARAM[ArtHeight]</height>
							<label>$PARAM[Symbol]</label>
							<font>$PARAM[SymbolFont]</font>
							<align>center</align>
							<aligny>center</aligny>
							<textcolor>$VAR[color:Accent]</textcolor>
							<visible>ListItem.IsParentFolder</visible>
						</control>
						<control type="image">
							<width>$PARAM[ArtWidth]</width>
							<height>$PARAM[ArtHeight]</height>
							<texture background="true">$PARAM[Art]</texture>
							<aspectratio align="$PARAM[AspectRatioAlign]" aligny="$PARAM[AspectRatioAlignY]">$PARAM[AspectRatio]</aspectratio>
							<bordersize>10</bordersize>
						</control>
						<control type="image">
							<width>$PARAM[ArtWidth]</width>
							<height>$PARAM[ArtHeight]</height>
							<texture colordiffuse="ff000000">views/overlay/landscape-fo.png</texture>
							<bordersize>10</bordersize>
							<aspectratio>stretch</aspectratio>
							<animation effect="fade" start="0" end="100" time="150">Focus</animation>
							<animation effect="fade" start="100" end="0" time="150">UnFocus</animation>
							<visible>!ListItem.IsParentFolder + ![String.IsEmpty(ListItem.Art(fanart)) + String.IsEmpty(ListItem.Art(thumb))]</visible>
							<visible>$PARAM[ShowOverlay]</visible>
						</control>
						<control type="image">
							<left>32</left>
							<bottom>90</bottom>
							<width>100%</width>
							<height>30%</height>
							<texture>$PARAM[Logo]</texture>
							<aspectratio align="left" aligny="bottom">keep</aspectratio>
							<visible>Container.Content(episodes)</visible>
							<visible>$PARAM[ShowLogo]</visible>
						</control>
						<control type="image">
							<left>0</left>
							<bottom>24</bottom>
							<width>100%</width>
							<height>35%</height>
							<texture>$PARAM[Logo]</texture>
							<aspectratio align="center" aligny="bottom">keep</aspectratio>
							<visible>!Container.Content(episodes)</visible>
							<visible>$PARAM[ShowLogo]</visible>
						</control>
					</control>
					<!--info-->
					<control type="group">
						<bottom>$PARAM[TextPosY]</bottom>
						<left>$PARAM[TextLeft]</left>
						<width>$PARAM[TextWidth]</width>
						<height>24</height>
						<visible>$PARAM[ShowInfo]</visible>
						<control type="label">
							<top>24</top>
							<width>$PARAM[TextWidth]</width>
							<label>$PARAM[Label]</label>
							<height>24</height>
							<font>$PARAM[Font1]</font>
							<aligny>center</aligny>
							<textcolor>$VAR[color:Accent]</textcolor>
							<selectedcolor>$VAR[color:Accent]</selectedcolor>
							<visible>[Container.Content(movies) | Container.Content(tvshows)]</visible>
						</control>
						<control type="label">
							<width>$PARAM[TextWidth]</width>
							<label>$PARAM[Label]</label>
							<height>24</height>
							<font>$PARAM[Font1]</font>
							<aligny>center</aligny>
							<textcolor>$VAR[color:Accent]</textcolor>
							<selectedcolor>$VAR[color:Accent]</selectedcolor>
							<visible>![Container.Content(movies) | Container.Content(tvshows)]</visible>
						</control>
						<control type="label">
							<top>26</top>
							<width>$PARAM[TextWidth]</width>
							<label>$PARAM[Label2]</label>
							<height>24</height>
							<font>$PARAM[Font2]</font>
							<aligny>center</aligny>
							<textcolor>$VAR[color:Text.2]</textcolor>
							<selectedcolor>$VAR[color:Accent]</selectedcolor>
							<visible>![Container.Content(movies) | Container.Content(tvshows) | Container.Content(seasons)]</visible>
						</control>
					</control>
					<!-- Status -->
					<include condition="!Window.IsActive(1131)">media_Status</include>
					<include condition="Window.IsActive(1131)">media_Status.Hub</include>
					<!-- Icon Label -->
					<control type="label">
						<bottom>35</bottom>
						<height>10</height>
						<width>$PARAM[ArtWidth]</width>
						<label>$PARAM[Label]</label>
						<font>Regular-20</font>
						<align>center</align>
						<aligny>top</aligny>
						<textcolor>$VAR[color:Accent]</textcolor>
						<selectedcolor>$VAR[color:Accent]</selectedcolor>
						<visible>$PARAM[ShowIconLabel]</visible>
					</control>
				</itemlayout>
				<focusedlayout width="$PARAM[ItemWidth]" height="$PARAM[ItemHeight]">
					<control type="group">
						<width>$PARAM[ArtWidth]</width>
						<height>$PARAM[ArtHeight]</height>
						<control type="image">
							<width>$PARAM[ArtWidth]</width>
							<height>$PARAM[ArtHeight]</height>
							<texture colordiffuse="$VAR[color:Text.2]">$PARAM[Fallback]</texture>
							<aspectratio align="center" aligny="center">scale</aspectratio>
							<bordertexture border="10">$PARAM[Frame]</bordertexture>
							<bordersize>10</bordersize>
							<visible>$PARAM[ShowFallback]</visible>
						</control>
						<control type="label">
							<width>$PARAM[ArtWidth]</width>
							<height>$PARAM[ArtHeight]</height>
							<label>$PARAM[Symbol]</label>
							<font>$PARAM[SymbolFont]</font>
							<align>center</align>
							<aligny>center</aligny>
							<textcolor>$VAR[color:Accent]</textcolor>
							<visible>ListItem.IsParentFolder</visible>
						</control>
						<control type="image">
							<width>$PARAM[ArtWidth]</width>
							<height>$PARAM[ArtHeight]</height>
							<texture background="true">$PARAM[Art]</texture>
							<bordertexture border="10">$PARAM[Frame]</bordertexture>
							<bordersize>10</bordersize>
							<aspectratio align="$PARAM[AspectRatioAlign]" aligny="$PARAM[AspectRatioAlignY]">$PARAM[AspectRatio]</aspectratio>
						</control>
						<control type="image">
							<width>$PARAM[ArtWidth]</width>
							<height>$PARAM[ArtHeight]</height>
							<texture colordiffuse="ff000000">views/overlay/landscape-fo.png</texture>
							<bordersize>10</bordersize>
							<aspectratio>stretch</aspectratio>
							<visible>!ListItem.IsParentFolder + ![String.IsEmpty(ListItem.Art(fanart)) + String.IsEmpty(ListItem.Art(thumb))]</visible>
							<visible>$PARAM[ShowOverlay]</visible>
						</control>
						<control type="image">
							<left>32</left>
							<bottom>90</bottom>
							<width>100%</width>
							<height>30%</height>
							<texture>$PARAM[Logo]</texture>
							<aspectratio align="left" aligny="bottom">keep</aspectratio>
							<visible>Container.Content(episodes)</visible>
							<visible>$PARAM[ShowLogo]</visible>
						</control>
						<control type="image">
							<left>0</left>
							<bottom>24</bottom>
							<width>100%</width>
							<height>35%</height>
							<texture>$PARAM[Logo]</texture>
							<aspectratio align="center" aligny="bottom">keep</aspectratio>
							<visible>!Container.Content(episodes)</visible>
							<visible>$PARAM[ShowLogo]</visible>
						</control>
					</control>
					<!--info-->
					<control type="group">
						<bottom>$PARAM[TextPosY]</bottom>
						<left>$PARAM[TextLeft]</left>
						<width>$PARAM[TextWidth]</width>
						<height>24</height>
						<visible>$PARAM[ShowInfo]</visible>
						<control type="label">
							<top>24</top>
							<width>$PARAM[TextWidth]</width>
							<label>$PARAM[Label]</label>
							<height>24</height>
							<font>Black-24</font>
							<aligny>center</aligny>
							<textcolor>$VAR[color:Accent]</textcolor>
							<selectedcolor>$VAR[color:Accent]</selectedcolor>
							<visible>[Container.Content(movies) | Container.Content(tvshows)]</visible>
						</control>
						<control type="label">
							<width>$PARAM[TextWidth]</width>
							<label>$PARAM[Label]</label>
							<height>24</height>
							<font>Black-24</font>
							<aligny>center</aligny>
							<textcolor>$VAR[color:Accent]</textcolor>
							<selectedcolor>$VAR[color:Accent]</selectedcolor>
							<visible>![Container.Content(movies) | Container.Content(tvshows)]</visible>
						</control>
						<control type="label">
							<top>26</top>
							<width>$PARAM[TextWidth]</width>
							<label>$PARAM[Label2]</label>
							<height>24</height>
							<font>Regular-20</font>
							<aligny>center</aligny>
							<textcolor>$VAR[color:Text.2]</textcolor>
							<selectedcolor>$VAR[color:Accent]</selectedcolor>
							<visible>![Container.Content(movies) | Container.Content(tvshows) | Container.Content(seasons)]</visible>
						</control>
					</control>
					<!-- Status -->
					<include condition="!Window.IsActive(1131)">media_Status</include>
					<include condition="Window.IsActive(1131)">media_Status.Hub</include>
					<!-- Icon Label -->
					<control type="label">
						<bottom>35</bottom>
						<height>10</height>
						<width>$PARAM[ArtWidth]</width>
						<label>$PARAM[Label]</label>
						<font>Regular-20</font>
						<align>center</align>
						<aligny>top</aligny>
						<textcolor>$VAR[color:Accent]</textcolor>
						<selectedcolor>$VAR[color:Accent]</selectedcolor>
						<visible>$PARAM[ShowIconLabel]</visible>
					</control>
				</focusedlayout>

				<include content="CustomPath" condition="$PARAM[UseCustomPath]">
					<param name="Path">$PARAM[Path2]</param>
					<param name="SortBy">$PARAM[SortBy2]</param>
				</include>			

			</control>
		</definition>
	</include>

	<include name="CustomPath">
		<param name="Path" default="videodb://recentlyaddedepisodes"/>
		<definition>
			<content target="videos" sortby="$PARAM[SortBy]" sortorder="descending">$PARAM[Path]</content>
		</definition>
	</include>

</includes>